"Based on the sources, here is the filled Blue Competence Framework, identifying key technical abilities and competences across the 12 sectors of the EU Blue Economy.",Kolumna nr 1,Kolumna nr 2,Kolumna nr 3,Kolumna nr 4,Kolumna nr 5,Kolumna nr 6,Kolumna nr 7,Kolumna nr 8,Kolumna nr 9,Kolumna nr 10,Kolumna nr 11,Kolumna nr 12,Kolumna nr 13,Kolumna nr 14
,,,,,,,,,,,,,,
Blue Competence Framework for the Blue Economy,,,,,,,,,,,,,,
Dimension (Aspect),ID,Competence Name,Blue Biotech,Coastal Tourism,Desalination,Infra & Robotics,Living Res.,Non-living Res.,Renewable Energy,Maritime Defence,Maritime Transport,Port Activities,R&I,Ship Repair
A. Understanding the Blue Economy (Skills),—,Policy & Science Basics,Bio-resource regs,Local strategy use,Water law,Tech standards,Fishery quotas,Mineral law,MRE policy,EUROSUR rules,IMO/FuelEU regs,Port-city policy,Science-policy,MARPOL index
A. Understanding the Blue Economy (Competences),A.1,Ocean Literacy,Bio-value comms,Steward outreach,Fresh water value,Robotic value,Safe seafood info,Resource limits,Green energy ads,Safety comms,Low-carbon ed,Green hub info,Source-to-sea,Blue careers
,A.2,Blue Systems Thinking,Bioprospecting links,LSI mapping,Water cycle cycles,Subsea mapping,Stock-prey links,Sequestration,Grid integration,Border safety,Decarbonization,Hinterland links,Interdisciplinary,Green retrofits
,A.3,Blue Economy Regulations,Nagoya Protocol,Tourism ethics,Buffer planning,AI legal rules,Catch control,Mining threshold,MSP spatial use,CISE data laws,Emission limits,Waste oil rules,SBE Partnership,Scrapping laws
B. Digital & Data Skills (Skills),—,Software & Cyber Defense,Bio-data use,VR/AR tools,Automated OPS,Robot control,VMS tracking,Remote sensing,Load analytics,Surveillance ICT,MASS navigation,Smart logistics,Digital Twin use,Simulation software
B. Digital & Data Skills (Competences),B.1,Data & Digital Proficiency,Genomic data,Tourism GIS,Efficiency data,AUV telemetry,Ecosystem models,Geology mapping,Weather models,Radar analysis,IT route optimization,Blockchain tracking,FAIR data access,3D design
,B.2,Digital Communication,Cross-BSR nets,Marina networks,Stakeholder info,IoT sensors,Producer nets,Global trade info,Stakeholder MSP,Interoperable CISE,Logistics sharing,Port accelerator,Open Sci platforms,System responsibles
,B.3,Cybersecurity & Maritime Safety,Bio-data security,Booking security,Process integrity,Cable protection,Safe work tech,Extractive safety,Maintenance safety,CISE protection,Navigation safety,Port NIS2 plans,Vulnerability info,Risk analysis
,B.4,Open Science & Data Sharing,Bio-Biotech Forum,BASTIS portal,R&D results,Subsea data,Citizen science,EMODnet access,SRIA agendas,Multi-use data,MRV fuel logs,Logistics data,Copernicus access,Shared R&D
C. Sustainability & Resilience (Skills),—,Green Design & Resource Planning,Bioremediation,Smaller footprint,Solar desalination,Durable materials,Gear innovation,Aggregate limits,Floating structures,Military mobility,Clean propulsions,OPS shore power,Knowledge transfer,Eco-ship builds
C. Sustainability & Resilience (Competences),C.1,Sustainable Resource Management,Bioactive use,Water reuse,Low-energy water,Subsea cables,Stock preservation,Carbon sinks,Carbon mitigation,Resource security,Emission reduction,Waste handling,Ecosystem accounts,Hazardous waste
,C.2,Circular Economy Principles,Bio-refinery,Waste management,Brine reuse,Recycling cables,By-product use,Sea-salt mining,Multi-use wind,Civilian synergy,Low-impact hulls,Zero-pollution port,Circular R&I,Ship dismantling
,C.3,Climate Adaptation & Coastal Resilience,Habitat care,Flood protection,Drought response,Hab monitoring,Resilient fish,Shore restoration,Offshore wind mix,Risk assessment,Fuel transition,Port sea-level rise,Hazard monitoring,Retrofitting tech
,C.4,Ecosystem-based Management (EBM),Regenerative algae,Eco-tourism,Environ assessment,Non-toxic robotics,Selective fishing,Benthic health,MPA synergy,Environ monitor,Noise pollution,Biodiversity restoration,Holistic care,Green shipyards
D. Business Innovation & Governance (Skills),—,Value Mapping & Financial Tracking,Patent tracking,GVA analysis,Method analysis,R&D investment,Chain profitability,Market potential,LCOE analysis,Budget planning,Fuel cost management,Port logistics value,GVA monitoring,Product innovation
D. Business Innovation & Governance (Competences),D.1,Value Chain Thinking,Pharma/Food uses,Local job creation,SWRO reference,Service ecosystem,Processing chain,Mining support,Upstream input,Military mobility,Logistics nodes,Gateway trade,Knowledge triangle,Supply chain integration
,D.2,Leadership & Blue Innovation,SME accelerators,"""New Luxury"" niches",R&D methods,Autonomous systems,New species dev,High-tech metals,Tech leadership,Strategic autonomy,Zero-emission ship,Accelerator schemes,KIC integration,Green technology
,D.3,Blue Finance & Investment,BlueInvest grants,EU Recovery Fund,PPP projects,High cost R&D,Incentives to SMEs,Refund guarantees,Taxonomy finance,Defence spending,Emission trading,Smart infrastructure,R&I funding,Risk tools (Fintech)
,D.4,Ethical & Participatory Governance,Blue Bio Forum,Stakeholder benefit,Strategic buffering,Comm. building,Fairness in basins,Geopolitical alliances,MSP co-usage,Civil-military sync,Social inclusion,Port Commissions,Science-policy Society,Joint R&D strategy