"Paper Title","Paper Link","Publication Year","Publication Type","Publication Title","Author Names","DOI","PDF Link","Relevance","Abstract"
"La maritimización y su huella territorial: una trayectoria sociotécnica.: El caso de la Bahía de Pasaia (País Vasco, España)","https://scispace.com/paper/la-maritimizacion-y-su-huella-territorial-una-trayectoria-1lynxwwt2i","2021","","","Enrique Rafael De Rosa Giolito
Eric Foulquier
Iwan Le Berre
Laurence David","10.18055/FINIS23746","https://scispace.com/pdf/la-maritimizacion-y-su-huella-territorial-una-trayectoria-1lynxwwt2i.pdf","- **Relevance Score:** 40/100
- **Relevance Tag:** Marginally Relevant
- **Reasoning:** Uses maritimization concepts to analyze Bay of Pasaia, embeds study in maritime sociology, provides a concrete case, but lacks explicit Janiszewski framing, oceanic turn linkage, or comparative theory.","The objective of this article is to describe the process of maritimization using the concept of the sociotechnical trajectory of the Bay of Pasaia since the XVI century, date from which cartography is available, up to the present time thanks to the development of geographic information systems (GIS), which allow locating places with precision, by means of maps prepared from existing historical cartographic and documentary sources on the matter. In this exercise, it is proposed to distinguish the events of the ruptures in order to produce a geohistorical synthesis through the elaboration of maps whose purpose is to study the port footprint in a territory over time. The methodology used observation, through the old maps, of the different stages of change and mutation of the city-port relationship and measurement of this process in its spatial dimension. This approach questions the role of a port in the process of territorial construction and, ultimately, allows us to question the legitimacy of decreasing ports to retain a form of authority in terms of territorial development."
"Kołodziej-Durnaś, Agnieszka/Sowa, Frank/Grasmeier, Marie C.(Hrsg.)(2023): Maritime Professions. Issues and Perspectives","https://scispace.com/paper/ARIMPbxhn04J","","","","F Sowa","","","- **Relevance Score:** 40/100
- **Relevance Tag:** Marginally Relevant
- **Reasoning:** Uses Janiszewski’s work to outline Polish maritime sociology, giving theory context and brief history, but lacks oceanic turn linkage, empirical cases, comparative analysis, or future research suggestions.",""
"The ‘Oceanic Turn’ and the Indian Ocean: Maritime Criticism, Cosmopolitanism and Nineteenth-Century Oceanic Culture","https://scispace.com/paper/the-oceanic-turn-and-the-indian-ocean-maritime-criticism-4oavqgrfq8","2021","Book Chapter","","Juan-José Martín-González","10.1007/978-3-030-77056-3_2","","- **Relevance Score:** 35/100
- **Relevance Tag:** Marginally Relevant
- **Reasoning:** Uses oceanic turn framework to examine 19th‑century sea fiction and migrant identities; lacks Janiszewski’s theory but situates within broader maritime cultural studies.","This chapter provides an overview of the ‘Oceanic turn’ in literary-cultural criticism to lay the groundwork for the analysis of Ghosh’s Ibis trilogy from a transoceanic viewpoint. It revisits the traditional view of the ocean as a space out of history and recent challenges to that notion by Indian Ocean scholars. The chapter also analyses the ocean as seen by oceanic subjects, delving on the impact of sea travelling on the migrant’s psyche and identity. This section argues that the in-between character of sea travelling allowed for the fluidity of land-based parameters. For this purpose, I analyse two Indian Ocean figures: the lascar and the indentured labourer. Further on, the chapter pursues a critical analysis of the ship in relation to nineteenth-century maritime history and postcolonial thought by utilising two critical concepts: heterotopia and contact zone. Finally, the chapter provides an overview of sea fiction in relation to the nineteenth century to map the position of Ghosh’s trilogy within the subgenre."
"Life like a swing: women’s perspectives of everyday life in czechoslovak seafarers’ families under state socialism","https://scispace.com/paper/life-like-a-swing-women-s-perspectives-of-everyday-life-in-56s2tw4h8f","2020","Journal Article","","Lenka Krátká","10.26774/WRHM.246","https://scispace.com/pdf/life-like-a-swing-women-s-perspectives-of-everyday-life-in-56s2tw4h8f.pdf","- **Relevance Score:** 35/100
- **Relevance Tag:** Marginally Relevant
- **Reasoning:** Uses extensive interviews of seafarers' families to illustrate maritime sociology; cites Janiszewski’s work but lacks explicit maritimization theory, oceanic turn links, or comparative analysis.","Denying free travel abroad and back to one’s homeland represented an integral part of the communist regime’s authoritarian control in socialist Czechoslovakia. In this context, people who were allowed to travel abroad were in a privileged position. Paper concentrates on the experiences of people who “stayed at home”: the partners and children of workers who were able to travel and work abroad. The analysis of interviews with seafarers’ wives show a strong reproduction of gender stereotypes in these families. This fact is questioned very little by both men and women, because in the seafarer’s profession provided these families with a specific sort of luxury and uniqueness, bringing them considerable benefits that distinguished these people from the majority of the population."
"Współcześni polscy marynarze – kręgi izolacji.","https://scispace.com/paper/wspolczesni-polscy-marynarze-kregi-izolacji-2l788g5702","2014","","","Agnieszka Kołodziej-Durnaś","","https://scispace.com/pdf/wspolczesni-polscy-marynarze-kregi-izolacji-2l788g5702.pdf","- **Relevance Score:** 35/100
- **Relevance Tag:** Marginally Relevant
- **Reasoning:** Uses Janiszewski citations to frame Polish seafarer studies, embeds work firmly in maritime sociology, but lacks explicit oceanic turn linkage or detailed theory comparison.",""
"An Ocean of Troubles: Advancing Marine Sociology","https://scispace.com/paper/an-ocean-of-troubles-advancing-marine-sociology-4kt5d85ljn","2016","Journal Article","Social Problems","Stefano B. Longo
Brett Clark","10.1093/SOCPRO/SPW023","","- **Relevance Score:** 17/100
- **Relevance Tag:** Not Relevant
- **Reasoning:** Situates argument within marine sociology, proposing social metabolic analysis for sea‑society links; lacks Janiszewski’s theory, explicit oceanic turn ties, historical overview, case studies, or comparative theory, but hints at future research avenues.","We advance marine sociology to analyze the human dimensions of ocean systems. Human societies are fundamentally linked to marine systems and are transforming oceanic conditions in dramatic ways, resulting in socio-ecological problems. Despite the great and important possibilities in this realm, these relationships are seldom studied within sociology. This article highlights the ecological foundations of human societies, emphasizing interactions with marine systems, and presents marine sociology as a valuable expansion of environmental sociological studies. This approach seeks to better integrate sociological and ecological sciences. We propose that social metabolic analysis serves as one useful theoretical framework for examining the socio-ecological interrelationships. The analysis focuses on the dynamics of ocean systems, social processes that are changing marine ecosystems, and the perennial interactions within and between these systems. We provide brief analyses of climate change, ocean acidification, and pollution, revealing how the modern socioeconomic order has created ecological rifts in marine ecosystems, and how these concerns reciprocally affect social life."
"A Short Introductory Note on Maritime Sociology","https://scispace.com/paper/a-short-introductory-note-on-maritime-sociology-27jer3qi3o","2015","","","Frank Sowa
Agnieszka Kołodziej-Durnaś","","","- **Relevance Score:** 17/100
- **Relevance Tag:** Not Relevant
- **Reasoning:** Situates argument within maritime sociology, calling for sociological research on sea‑society issues; lacks Janiszewski theory, oceanic turn links, historical overview, empirical cases, or comparative analysis; hints at future research needs.","The topic of the sea and society is not new to sociology. Maritime spaces include oceans as well as coastal areas, spaces which are at risk nowadays. Ecological crises (overfishing, decline in biodiversity, climate change, eutrophication, ocean pollution), economic crises (de-industrialization, whaling moratorium, structural change, development of alternative industries) and cultural crises (destabilization of collective identities of seaside and island inhabitants, cultural practices of sharing, inhabitants’ knowledge, local traditions, transformations of maritime professions) cumulate in these maritime spaces. So far research on maritime issues is dominated by natural science disciplines. The protection of maritime natural sources and the need for sustainable development demands research on the ‘human factor’ and a sociological perspective on maritime spaces."
"Maritime sociology: towards a delimation of themes and analytical frameworks","https://scispace.com/paper/maritime-sociology-towards-a-delimation-of-themes-and-l32v0le997","1981","Journal Article","Maritime Policy & Management","Michael Poole","10.1080/03088838100000046","","- **Relevance Score:** 17/100
- **Relevance Tag:** Not Relevant
- **Reasoning:** Frames maritime sociology themes and proposes future research paths, but lacks Janiszewski’s theory, oceanic turn links, historical overview, empirical cases, or comparative analysis.","This paper sets out to evaluate the main areas of focus within maritime sociology and to link more closely than hitherto the various substantive discussions with general theoretical and conceptual approaches. More specifically, it suggests directions in which maritime sociology may be advanced at both empirical and conceptual levels in the future."
"¿un espacio excepcional o un bien común? Discutiendo la deficiencia en el gobierno del puerto","https://scispace.com/paper/un-espacio-excepcional-o-un-bien-comun-discutiendo-la-3go4hsmjkr","2012","","","Eric Foulquier
Salvatore Maugeri","","https://scispace.com/pdf/un-espacio-excepcional-o-un-bien-comun-discutiendo-la-3go4hsmjkr.pdf","- **Relevance Score:** 17/100
- **Relevance Tag:** Not Relevant
- **Reasoning:** Uses port community analysis to discuss relational and decisional fields, providing a sociological view of ports but lacks Janiszewski's theory, oceanic turn links, and explicit future research.","For the past twenty years or so, the global harbour space has un-dergone a real transition. The management model of the ""Landlord port"" has gradually stood out as the dominant model of harbour management in the world. In many countries, the State grants terminals to private operators and transforms the status of Harbour Authorities. They still pilot the port development strategy but lose their functions in port operation. This backward move of the State places the harbour space in a paradoxical situation, between missions of general interest and the defense of private interests. Can we still consider the port as a common good? Two visions on this community can be expressed: an economic vision and a civic vision. palabras clave: Harbour management, harbour governance, public policies, common good. resumen Durante los ultimos veinte anos, el espacio portuario ha sufrido una verdadera transicion. Poco a poco, el modelo de gestion cono-cido como «Landlord port» se impone como modelo dominante de gestion portuaria en el mundo. En varios paises, el Estado concede los terminales a operadores privados y transforma el estatuto de las Autoridades Portuarias. Estas siguen siendo los pilotos de la estrategia de desarrollo portuario, pero pierden toda prerrogativa en materia de explotacion. Este retroceso del Estado coloca el espacio portuario en una situacion paradojica, entre mision de interes general y defensa de intereses privados. ?Todavia podemos considerar el puerto como un bien comun? Dos visiones de esta comunidad pueden ser enunciadas: una vision economica, una vision civica."
"L'évolution des sociétés portuaires et la démaritimisation des villes ports en Europe continentale du nord-ouest","https://scispace.com/paper/l-evolution-des-societes-portuaires-et-la-demaritimisation-uf8is6kcpz","1997","","","A. C. Vigarie","","","- **Relevance Score:** 15/100
- **Relevance Tag:** Not Relevant
- **Reasoning:** Uses historical port analysis to trace demaritimization, but lacks explicit reference to Janiszewski’s theory, oceanic turn, or comparative/future research.","La notion de maritimisation n'est pas recente ; elle recouvre toutes formes de penetration et de modelage d'une societe ou d'un groupe par les influences de la mer, des navires, des activites portuaires : organisation economique, sociale, mentalites, comportements, vision du monde exterieur, etc. Or, depuis le milieu du XIX e siecle, l'evolution de la vie oceanique a modifie les aspects de cette maritimisation des villes-ports. Ce fut d'abord la phase patricienne dominee par les bourgeoisies du negoce lointain et de l'armement, avec les repercussions qui s'en suivent sur la main d'oeuvre des quais et des flottes, sur le peuplement urbain par consequent. Puis cette structure se desorganise, avec la progressive perte du pouvoir de gestion des bourgeoisies de la mer, qui se produit avec quelques nuances selon les ports francais ou hanseates. La montee de nouvelles formes d'autorite, l'effondrement moderne des effectifs de marins et d'ouvriers des quais, la penetration vigoureuse d'influences continentales dans le commandement du commerce maritime, conduisent a l'affaiblissement de l'ancien pouvoir de decision des vieilles cites de la mer sur leur port, et provoquent une demaritimisation de ces villes portuaires, dont il faudrait mesurer les repercussions sur les echanges oceaniques"
"Determinanty więzi społecznej na statku – badania jakościowe wśród marynarzy","https://scispace.com/paper/determinanty-wiezi-spolecznej-na-statku-badania-jakosciowe-2st4m8b2an","2012","","","Arkadiusz Kołodziej
Agnieszka Kołodziej-Durnaś","","https://scispace.com/pdf/determinanty-wiezi-spolecznej-na-statku-badania-jakosciowe-2st4m8b2an.pdf","- **Relevance Score:** 15/100
- **Relevance Tag:** Not Relevant
- **Reasoning:** Uses qualitative interviews with seafarers to explore social bonds on vessels; lacks Janiszewski's theory but offers maritime sociology context, empirical crew data, and suggests future ANT‑based research.",""
"La mer, un construit politique. La privatisation des territoires et des ressources maritimes en acte","https://scispace.com/paper/la-mer-un-construit-politique-la-privatisation-des-3s3kx8dc0d","2021","Journal Article","","Tarik Dahou
Camille Mazé","10.4000/VERTIGO.29593","","- **Relevance Score:** 15/100
- **Relevance Tag:** Not Relevant
- **Reasoning:** Uses sociological analysis of ocean privatization, offering empirical examples and brief future research hints, but lacks Janiszewski's theory and explicit oceanic turn linkage.","Introduction L’ocean, du littoral a la haute mer, n’est pas qu’un objet naturel. En tant que construction sociale (Steinberg, 2001) et objet hautement politique (Maze et al., 2015), il se prete particulierement bien aux approches sociologiques (Hannigan, 2017) et anthropologiques (Geistdoerffer, 2007), notamment pour y mener l’etude des relations de pouvoir (Dahou, 2018). Dans le contexte du developpement durable, cette observation se confirme, tant les tensions qui caracterisent l’ocean, en..."
"Socjologia marynistyczna w warunkach zmiany (nadzieje i kontrowersje)","https://scispace.com/paper/socjologia-marynistyczna-w-warunkach-zmiany-nadzieje-i-1x8tkuspxe","2021","","","Robert B. Woźniak","","https://scispace.com/pdf/socjologia-marynistyczna-w-warunkach-zmiany-nadzieje-i-1x8tkuspxe.pdf","- **Relevance Score:** 15/100
- **Relevance Tag:** Not Relevant
- **Reasoning:** Uses maritime cultural analysis to discuss education and crew traditions, but lacks Janiszewski's theory, oceanic turn links, and comparative or historical framing; suggests research needs.",""
"La pluriactivité dans les sociétés littorales XVIIe-XIXe siècle","https://scispace.com/paper/la-pluriactivite-dans-les-societes-littorales-xviie-xixe-2zp7d9jjlb","2002","Journal Article","Annales De Bretagne Et Des Pays De L Ouest","Gérard Le Bouëdec","10.4000/ABPO.1627","https://scispace.com/pdf/la-pluriactivite-dans-les-societes-littorales-xviie-xixe-2zp7d9jjlb.pdf","- **Relevance Score:** 15/100
- **Relevance Tag:** Not Relevant
- **Reasoning:** Uses 17th‑19th‑century French coastal case to illustrate shifts in livelihood, offering historical and empirical context but lacks Janiszewski’s maritimization theory or oceanic‑turn analysis.","Dans cet espace d’interface qu’est la zone littorale, les usages de la mer ne determinent pas de clivages etanches entre les populations terriennes et maritimes. Le rapport a la mer est variable. Si le concept de vocation maritime est trop souvent invoque pour qualifier au nom d’un determinisme ou d’une force irresistible le choix des riverains qui s’engagent dans une voie maritime pure et dure, celui de pluriactivite permet de decliner les rapports complexes que nouent les populations du littoral avec l’estran et la mer."
"The Ends of the Indian Ocean: Tracing Coastlines in the Tanzanian “Hinterland”","https://scispace.com/paper/the-ends-of-the-indian-ocean-tracing-coastlines-in-the-160xot9bf0","2019","Journal Article","History in Africa","Julia Verne","10.1017/HIA.2019.11","https://scispace.com/pdf/the-ends-of-the-indian-ocean-tracing-coastlines-in-the-160xot9bf0.pdf","- **Relevance Score:** 12/100
- **Relevance Tag:** Not Relevant
- **Reasoning:** Uses maritime regional concepts to examine Tanzanian hinterland; offers fieldwork on Arab traders, linking coast‑inland dynamics but lacks Janiszewski’s theory or explicit oceanic‑turn analysis.","In recent years, several attempts to revitalize Area Studies have concentrated on oceans as the unifying force to create regions. In this respect, the Indian Ocean has become a prime example to show how economic as well as cultural flows across the sea have contributed to close connections between its shores. However, by doing so, they not only seem to create a certain, rather homogeneous, Indian Ocean space, they often also lead to a conceptual separation between “coast” and “hinterland,” similar to earlier distinctions between “African/Arab” or “East/Central Africa.” In this contribution, so-called “Arab” traders who settled along trade routes connecting the East African coast to its hinterland will serve as an empirical ground to explore and challenge these boundaries. Tracing maritime imaginaries and related materialities in the Tanzanian interior, it will reflect on the ends of the Indian Ocean and the nature of such maritime conceptualizations of space more generally. By taking the relational thinking that lies at the ground of maritimity inland, it wishes to encourage a re-conceptualization of areas that not only replaces a terrestrial spatial entity with a maritime one, but that genuinely breaks with such “container-thinking” and, instead, foregrounds the meandering, fluid character of regions and their complex and highly dynamic entanglements."
"Transforming workplaces in Polish Shipbuilding. A note on maritime sociology considering the Great Transformation of the sea industry","https://scispace.com/paper/transforming-workplaces-in-polish-shipbuilding-a-note-on-2owaffehbf","2016","","","Peter Wegenschimmel","","https://scispace.com/pdf/transforming-workplaces-in-polish-shipbuilding-a-note-on-2owaffehbf.pdf","- **Relevance Score:** 12/100
- **Relevance Tag:** Not Relevant
- **Reasoning:** Uses Polish shipyard case to illustrate maritime sociology; lacks Janiszewski theory, oceanic turn links, historical overview, comparative analysis, or future research suggestions.",""
"Maritime Sociology in the Making","https://scispace.com/paper/maritime-sociology-in-the-making-2b3fq6zl","2022","Book Chapter","","","10.1163/9789004503410_002","https://scispace.com/pdf/maritime-sociology-in-the-making-2b3fq6zl.pdf","- **Relevance Score:** 12/100
- **Relevance Tag:** Not Relevant
- **Reasoning:** Provides a historical overview of maritime sociology and its occupational focus, but lacks any discussion of Janiszewski’s maritimization theory, oceanic turn, or empirical applications.",""
"Oceanic Travels: Future Voyages for Moving Deep and Wide within the ''New Mobilities Paradigm''","https://scispace.com/paper/oceanic-travels-future-voyages-for-moving-deep-and-wide-3bu166m68v","2019","Journal Article","","Kimberley Peters
Rachael Squire","10.3167/TRANS.2019.090207","","- **Relevance Score:** 12/100
- **Relevance Tag:** Not Relevant
- **Reasoning:** Calls for deeper oceanic mobilities research, situates within broader mobilities scholarship, and suggests future directions, but lacks Janiszewski theory, specific sea‑society entanglement, historical overview, or empirical cases.","The seas and oceans, ships and boats, alongside other maritime activities and practices, have become a focus of work within the “new mobilities paradigm.” However, water worlds much like the space they occupy in the relation to the land remain situated in the margins of such work, despite an oceanic (re)turn in disciplines such as human geography, sociology, anthropology, and politics. Drawing from this recognition, this article seeks to make two contributions. First, following earlier, agenda-setting work, it makes a renewed call for mobilities scholarship to centralize work on oceans, ships, and other forms seagoing travel and life. Second, in doing so, it suggests such work needs to voyage more deeply and widely in the future, exploring mobilities beyond surficial connections and flows across our oceans, and making more expansive the subjects and objects and scales of investigation, under the remit of the “new mobilities paradigm.”"
"Theoretical Implications of Maritime Sociology","https://scispace.com/paper/theoretical-implications-of-maritime-sociology-7zs9ui1fta","2013","","","Emilio Cocco","","http://cejsh.icm.edu.pl/cejsh/element/bwmeta1.element.cejsh-f4298881-57c1-42c3-955d-158c907d1acb/c/1_amsXXII_Cocco.pdf","- **Relevance Score:** 12/100
- **Relevance Tag:** Not Relevant
- **Reasoning:** Uses broad maritime sociology framing to argue for sea as social space; suggests future moves for the subfield, but lacks Janiszewski theory, oceanic turn links, history, data, or comparative analysis.","The sea is certainly not one of the favourite research topics of sociology and despite a recent and new popularity among historians and geographers, the sea remains generally a stranger to contemporary sociologists Conversely, I think that to frame and shed light on the wider theoretical implications of maritime sociology would be beneficial to all possible approaches within sociological research In this article I intend to give my contribution to the fulfillment of the expectation of above by discussing the ways sociology can understand the sea as a truly social space, beyond any abstract dichotomies separating “grounded” societies and offshore voids Also, I try to suggest some concrete moves to relocate maritime sociology within the wider sociological debate and to develop the heuristic potential of the sea"
"Reflections on social experiences in maritime communities : the portuguese case in the early modern age : specificity or globalisation of a group profile?","https://scispace.com/paper/reflections-on-social-experiences-in-maritime-communities-4659949mb8","2000","","","Amélia Polónia","","https://scispace.com/pdf/reflections-on-social-experiences-in-maritime-communities-4659949mb8.pdf","- **Relevance Score:** 12/100
- **Relevance Tag:** Not Relevant
- **Reasoning:** Uses Portuguese port community case study to explore gender and social cohesion; lacks Janiszewski’s theory, oceanic turn links, or comparative theoretical discussion.","Social history of maritime communities – some epistemological issues The paper aims to present some epistemological reflections to sustain a possible research model on social approaches on maritime societies. Maritime history, European or Portuguese, has been centred on approaches which gave prevalence to the study of techniques, nautical knowledge, navigations, seafarer, warfare, shipping, and economic dynamics, mostly trade nets, in an internal, international and overseas point of view. Even if last years the Portuguese academic researchers produced some valuable works on maritime history, there aren’t enough contributes which promoted a social approach on maritime communities and societies. Even if some specific maritime communities, mostly those of fishermen, have been object of anthropological and historical enquires, they are mostly centred on modern or recent history, and don’t answer necessarily to Early modern contextual problems nor are pertinent and applicable to broaden maritime extracts. From an historical point of view, facing the problematic of social dynamics in seaport societies is not an easy task. There isn’t any approaching model, neither one only performance profile or one only picture of social relations in seaports societies. In the same way that seaport studies require a previous classification of seaport typologies, and its inclusion in seaport hierarchies, also the discussion on social dynamics implies a previous call of attention that underline the specificity and even the objective differences between maritime realities."
"La maritimité qui vient, une occupation industrielle du monde océanique","https://scispace.com/paper/la-maritimite-qui-vient-une-occupation-industrielle-du-monde-7x523brrl7gs","2025","Journal Article","","Éric Foulquier","10.4000/1448d","https://scispace.compdf/la-maritimite-qui-vient-une-occupation-industrielle-du-monde-7x523brrl7gs.pdf","- **Relevance Score:** 12/100
- **Relevance Tag:** Not Relevant
- **Reasoning:** Discusses maritimisation history and industrial sea use but lacks Janiszewski reference, empirical cases, or theoretical comparisons; limited relevance to core criteria.",""
"The transformation of the oceans and the future of marine social science","https://scispace.com/paper/the-transformation-of-the-oceans-and-the-future-of-marine-tjj5e431yh","2018","Journal Article","Maritime Studies","Peter Arbo
Maaike Knol
Sebastian Linke
Kevin St. Martin","10.1007/S40152-018-0117-5","https://scispace.com/pdf/the-transformation-of-the-oceans-and-the-future-of-marine-tjj5e431yh.pdf","- **Relevance Score:** 12/100
- **Relevance Tag:** Not Relevant
- **Reasoning:** Uses marine social science to discuss blue growth, technology, and governance, situating within broader maritime sociology debates but lacks Janiszewski's maritimization theory and direct oceanic turn linkage.","The oceans have become a juncture of great visions of blue growth as well as strong environmental concern. This paper discusses the essential role of the social sciences as the oceans increasingly emerge as a contested social arena. The marine social sciences have generated a vast knowledge about the development of fisheries and the implications of fisheries policies on coastal communities. We review this heritage and show that it makes the marine social sciences well qualified to address contemporary challenges raised by the increasing ambitions of exploiting and conserving the world’s oceans. However, with the current transformation of the oceans as sites of comprehensive industrialization, captured in the concept of blue growth, we argue that marine social scientists need to rethink their research objectives. This requires a reflection on the lessons learned from decades of engagement with fisheries and fisheries policy to understand and intervene in processes and practices of modernization, science-based management, and privatization of resources. We suggest how the marine social sciences can provide new knowledge and actively engage in current developments by studying emergent processes in the marine environment, and the institutions, practices, and discourses that shape them. The social sciences have a responsibility to contribute to growth and conservation issues, and are in the capacity to do so, through formulating governance alternatives, anticipating future trends, imagining desirable futures, and facilitating socially just processes and outcomes."
"Toward a Sociology of Oceans.","https://scispace.com/paper/toward-a-sociology-of-oceans-1gxzcbw65w","2017","Journal Article","Canadian Review of Sociology-revue Canadienne De Sociologie","John A. Hannigan","10.1111/CARS.12136","","- **Relevance Score:** 10/100
- **Relevance Tag:** Not Relevant
- **Reasoning:** Uses ocean sociology framing to propose a new specialty, but lacks Janiszewski's maritimization theory, explicit oceanic turn links, historical overview, case studies, comparative analysis, or future research on those topics.","Despite covering around 70 percent of the earth's surface, the ocean has long been ignored by sociology or treated as merely an extension of land-based systems. Increasingly, however, oceans are assuming a higher profile, emerging both as a new resource frontier, a medium for geopolitical rivalry and conflict, and a unique and threatened ecological hot spot. In this article, I propose a new sociological specialty area, the ""sociology of oceans"" to be situated at the interface between environmental sociology and traditional maritime studies. After reviewing existing sociological research on maritime topics and the consideration of (or lack of consideration) the sea by classic sociological theorists, I briefly discuss several contemporary sociological approaches to the ocean that have attracted some notice. In the final section of the paper, I make the case for a distinct sociology of oceans and briefly sketch what this might look like. One possible trajectory for creating a shared vision or common paradigm, I argue, is to draw on Deleuze and Guattari's dialectical theory of the smooth and the striated. Meme s'il couvre 70% de la surface de la Terre, l'ocean a ete longtemps ignore en sociologie ou traite comme une extension des systemes terrestres. De plus en plus, toutefois, l'ocean retient l'attention, en etant vu comme une nouvelle frontiere en termes de ressources, un medium pour les rivalites et les conflits geopolitiques, et un lieu ecologique nevralgique et unique. Dans cet article, je propose une nouvelle specialisation sociologique, la 'sociologie des oceans', se situant dans l'interface entre la sociologie environnementale et les etudes maritimes traditionnelles. Apres une recension de la recherche sociologique existante sur les sujets maritimes et la prise en compte (ou l'absence de prise en compte) de l'ocean par les theoriciens de la sociologie classique, je discute brievement quelques approches sociologiques contemporaines de l'ocean ayant attire l'attention. Dans la derniere partie de l'article, j'insiste sur le besoin d'une sociologie distincte de l'ocean et je presente brievement a quoi cela pourrait ressembler. Une voie possible pour creer une vision commune ou un paradigme, selon moi, est de s'inspirer de la theorie dialectique du lisse et du strie de Deleuze et Guattari."
"Preliminary Material","https://scispace.com/paper/preliminary-material-2p4gmlb8","2022","Book Chapter","","","10.1163/9789004503410_001","https://scispace.com/pdf/preliminary-material-2p4gmlb8.pdf","- **Relevance Score:** 10/100
- **Relevance Tag:** Not Relevant
- **Reasoning:** Uses Lefebvre and Löw to discuss socially constructed maritime spaces; lacks Janiszewski's maritimization theory, oceanic turn links, historical overview, empirical cases, comparative analysis, or future research suggestions.",""
"Maritime controversies","https://scispace.com/paper/maritime-controversies-1bk3447u","2022","Journal Article","Revue D'anthropologie Des Connaissances","Nicolas Benvegnu
H. Desfontaines
Sarah Ghaffari","10.4000/rac.28060","","- **Relevance Score:** 10/100
- **Relevance Tag:** Not Relevant
- **Reasoning:** Uses controversy analysis to examine maritime issues, offering a sociological lens but lacks Janiszewski's theory, oceanic turn links, historical overview, case studies, or comparative/future research.","This introduction addresses a dual question: the first concerns the specificity of the sea as an object of research and the second questions the heuristic power of the notion of controversy to understand maritime issues. Based on several studies on the sea and its issues, this article attempts to show how the first disputes over the sea contributed to its qualification as a political space, an object of competition and regulation, requiring the production of specific political and regulatory frameworks. The article then focuses on the links between the knowledge produced about the sea and its resources and the social order. In particular, it considers the forms of production and legitimization of knowledge, their hierarchization and their translation into political decisions. Finally, the presentation of the articles in the issue allows us to emphasize the plurality of social worlds and justifications mobilized to qualify maritime challenges. This leads us, in fine, to highlight the relevance of an approach through the bias of controversies in order to analyze in the same set of productions that are heterogeneous both from the point of view of the perspectives retained and the scales taken into account. "
"El CoLaboratorio de oceanografía social: espacio plural para la conservación integral de los mares y las sociedades costeras","https://scispace.com/paper/el-colaboratorio-de-oceanografia-social-espacio-plural-para-3peeesryj9","2018","Journal Article","","Nemer E. Narchi
Micheline Cariño
M. Azahara Mesa-Jurado
Alejandro Espinoza-Tenorio
Aramis Olivos-Ortiz
Michelle María Early Capistrán
Eduardo Morteo
Yurixhi Ochoa
Christine M. Beitl
Teresa E. Martínez
Omar Cervantes
Héctor Nava
Ana K. Spalding
Cynthia A. Grace-McCaskey
Néstor Corona
Gustavo Goulart Moreira Moura","10.31840/SYA.V0I18.1888","https://scispace.com/pdf/el-colaboratorio-de-oceanografia-social-espacio-plural-para-3peeesryj9.pdf","- **Relevance Score:** 10/100
- **Relevance Tag:** Not Relevant
- **Reasoning:** Uses social oceanography to discuss interdisciplinary marine studies; lacks Janiszewski theory, oceanic turn links, or comparative/empirical analysis.","Este ensayo revisa los alcances de la oceanografía social tal como fue presentada y discutida en la Primera Reunión de Oceanografía Social organizada en el Centro de Estudios en Geografía Humana de El Colegio de Michoacán en septiembre de 2017. La oceanografía social es un campo innovador e híbrido de estudio, situado en el umbral entre las ciencias naturales y sociales que abarca el estudio de las relaciones e interacciones de las sociedades humanas, presentes y pasadas, con el ambiente costero/marino. Dividimos el ensayo en dos secciones. Primero, describimos cronológicamente el surgimiento y evolución de la disciplina, así como un panorama contemporáneo del quehacer del oceanógrafo social y la imperante necesidad de expandir esta aproximación a todas las esferas de los estudios marinos. Finalmente, ofrecemos una síntesis de las fortalezas y retos que ofrece la oceanografía social y de cómo nos proponemos enfrentarlos a partir de la formación de un CoLaboratorio."
"Social Construction of the Ocean, Sea Power, and Maritime Transformation","https://scispace.com/paper/social-construction-of-the-ocean-sea-power-and-maritime-nun3tuqv8p","2023","Journal Article","Journal of Political & Military Sociology","Kuang‐hao Hou","10.5744/jpms.2023.1002","","- **Relevance Score:** 10/100
- **Relevance Tag:** Not Relevant
- **Reasoning:** Uses sea‑power and social construction concepts to discuss maritime transformation, but lacks Janiszewski’s maritimization theory, oceanic turn links, or empirical case work.","This review article elucidates concepts related to sea power, the social construction of the ocean, and maritime transformation. It begins with Mahan’s and Mackinder’s classic understanding of sea power, arguably the source of all traditional perspectives on the subject. Although this article accepts Till’s definition of sea power, it maintains that conventional wisdom does not offer a clear distinction between sea power as “a means of social power” and sea power as “states with powerful navies.” Furthermore, this article discusses Lambert’s conception of seapower identity, contending that his perspectives on seapower-state establishment are not based on relationships between the state, military, and the oceans. Lambert’s analysis of seapower states focuses on the activities that people engage in on land for seapower identity. His account suggests that maritime transformation could only occur in cases in which sea states transform into seapower states. However, this article claims that Steinberg’s concepts and theory of the social construction of the ocean provide a useful approach to examining the maritime transformation required for a transition from tellurocracy to thalassocracy. "
"Il mare come metodo? Suggestioni dall’Oceano Indiano","https://scispace.com/paper/il-mare-come-metodo-suggestioni-dalloceano-indiano-3qf6mgdj","2022","Journal Article","Archivio antropologico mediterraneo","R. Maddaluno","10.4000/aam.6182","https://scispace.com/pdf/il-mare-come-metodo-suggestioni-dalloceano-indiano-3qf6mgdj.pdf","- **Relevance Score:** 10/100
- **Relevance Tag:** Not Relevant
- **Reasoning:** Uses Indian Ocean dynamics to explore maritime imaginaries, but lacks Janiszewski's theory, explicit oceanic turn links, historical overview, case studies, comparative analysis, or future research suggestions.","Le caratteristiche di movimento, fluidità, indeterminatezza si presentano come espressione della materialità del mare e al tempo stesso come serbatoio immaginativo con il quale ripensare logiche binarie, terrestri, cristallizzate. In questo contributo si ripercorrono alcuni studi che guardano alla materialità del mare nella sua dimensione perturbativa e immaginativa, con l’intento di metterli in dialogo con la letteratura che pensa l’Oceano Indiano come continuum culturale svelando la preponderanza del contesto oceanico e delle sue caratteristiche intrinseche nel connettere e plasmare saperi, culture, immaginari. Dall’Oceano Indiano si vuole quindi pensare il mare come (anti-) metodo, soffermandosi su quelle caratteristiche di movimento, fluidità, disordine quali assiomi con cui rileggere l’imprevedibilità degli incontri, delle ibridazioni, dei processi storici e culturali. "
"The people of the seas and the seas of the people","https://scispace.com/paper/the-people-of-the-seas-and-the-seas-of-the-people-4yjtorjwbf","2023","Book Chapter","","Carya Maharja
Radisti A. Praptiwi
Isabel Richter
Aoife Crummy
Dympna Devine
Lea Janine A. Gajardo
Nguyễn Thu Hà
Sofia Johari
Eva Vivian Justine
Anne Trine Kjørholt
John Roderick V. Madarcos
Le Ngoc Thao
Prawesti Wulandari","10.1016/b978-0-323-95227-9.00007-5","","- **Relevance Score:** 2/100
- **Relevance Tag:** Not Relevant
- **Reasoning:** Focuses on place‑based coastal experiences without referencing Janiszewski’s maritimization theory or its sociological debates; only offers empirical community examples.","Coastal communities are intertwined with the seas from which they derive, not only their sustenance but also various meanings, norms, and values. For these communities, these environments are conceived not as inert spaces, but as places. These places shape their culture and way of living, and anchor their attachment to the physical environment. This chapter aims to move beyond the realm of abstraction in illustrating the entanglement of people and places through several case studies, from South East Asia to the Arctic; collectively describing how communities deal with various threats and challenges in relation to places in coastal and marine contexts. Adopting a place-based approach to understanding the relation of people to their surrounding environments, comprising not only the natural world but also the social-cultural realms, are integral, not only to ensure that individual and collective well-being can be attained, but also to achieve this through sustainable means. "
"Relationship with Marine Environmental Consciousness and Maritime Culture in Turkey","https://scispace.com/paper/relationship-with-marine-environmental-consciousness-and-39xq1u96sr","2021","Journal Article","International Journal of Environment","Oktay Çetin","10.30897/IJEGEO.862055","https://scispace.com/pdf/relationship-with-marine-environmental-consciousness-and-39xq1u96sr.pdf","- **Relevance Score:** 2/100
- **Relevance Tag:** Not Relevant
- **Reasoning:** Defines Turkish maritime culture and cites local activities; lacks Janiszewski theory, maritime sociology framing, or oceanic turn links, but offers a Turkish case example.","The maritime states, which have adopted the tradition of using the seas continuously in the historical process, have increased their power and wealth by the way of maritime culture and tradition they have created, and have become more sensitive to the marine environment. In this article, how the maritime culture was acquired, its effects on the maritimization of countries, and environmental awareness were examined, and the things to be done for the future social life were investigated. It has been observed that the maritime strategy implemented by developed countries is remarkable in all areas of life from the individual to the state, in terms of understanding the importance of maritimization and finding its application area. It was discussed the general situation in maritime culture and marine environmental awareness in Turkey. It is important to ensure that the public is well informed and to gain this awareness and to voluntarily participate in activities aimed at protecting the marine environment. As a result, the importance of conveying scientific findings to the public in a language that can be easily understood and the emphasis of the state on maritime culture and policies towards the conservation of the marine environment with a holistic approach was emphasized."
"Jusqu’où va la mer ? Une exploration des marges de l’anthropologie maritime","https://scispace.com/paper/jusqu-ou-va-la-mer-une-exploration-des-marges-de-l-220gm0709e","2018","Journal Article","","Alix Levain
Pauline Laval","10.4000/ETHNOECOLOGIE.3449","https://scispace.com/pdf/jusqu-ou-va-la-mer-une-exploration-des-marges-de-l-220gm0709e.pdf","- **Relevance Score:** 2/100
- **Relevance Tag:** Not Relevant
- **Reasoning:** Focuses on maritime anthropology and estuarine case studies without referencing Janiszewski’s maritimization theory or its sociological debates.","L’anthropologie maritime federe, depuis les annees 1970, de nombreux travaux sur les societes cotieres. Mettant l’accent sur la singularite de l’experience de la vie en mer, elle s’est jusqu’a present particulierement appuyee sur l’ethnographie comparee des populations de pecheurs en milieu oceanique. Dans les societes vivant aupres des estuaires et des fleuves cotiers, l’influence de la mer se fait aussi sentir sous differentes formes, directes – comme l’intimite avec les milieux aquatiques – ou indirectes. Mais le role que peut jouer leur etude dans le developpement du champ de l’anthropologie maritime reste incertain.En prenant appui sur la comparaison de deux terrains d’enquete liminaux, la peche dans l’estuaire amazonien de l’Oyapock et les conflits socio-environnementaux sur le littoral du Finistere, cet article s’attache a montrer la multiplicite et le caractere changeant des formes de presence de la mer dans les societes ripariennes, estuariennes et rurales. Les marges de l’espace maritime constituent de fait un point d’observation privilegie des transformations materielles et immaterielles qui affectent le rapport aux ecosystemes et aux paysages marins, dans le contexte de leur anthropisation acceleree.Il questionne a nouveaux frais le perimetre de l’anthropologie maritime, en mettant l’accent sur le depassement de la dialectique terre-mer et sur la reflexivite de l’observateur. Pour ce faire, il propose d’envisager la mer comme un systeme continu, dynamique et mouvant et de developper l’approche phenomenologique de l’element marin au dela des societes cotieres."
"Congreso Internacional Marítimo: los factores de resilencia de las regiones marítimas en el mundo post-covid. Libro de actas, A Coruña, 5 y 6 de octubre de 2022","https://scispace.com/paper/congreso-internacional-maritimo-los-factores-de-resilencia-3kb9vkfh","2022","Book Chapter","","","10.17979/spudc.000014","https://scispace.com/pdf/congreso-internacional-maritimo-los-factores-de-resilencia-3kb9vkfh.pdf","- **Relevance Score:** 2/100
- **Relevance Tag:** Not Relevant
- **Reasoning:** Uses broad maritimidad concepts and phases without referencing Janiszewski; lacks explicit maritime sociology framing, oceanic turn links, case studies, or comparative theory.",""
"Maritime Networks","https://scispace.com/paper/maritime-networks-2dw8smglgr","2023","Book Chapter","","Justin Leidwanger","10.1093/oxfordhb/9780198854265.013.37","","- **Relevance Score:** 0/100
- **Relevance Tag:** Not Relevant
- **Reasoning:** Focuses on maritime network analysis of Roman Mediterranean; does not discuss Janiszewski's maritimization theory, related sociology debates, or oceanic turn entanglements.","Abstract The ease of movement by sea, particularly over longer distances and with bulky loads, situates maritime networks centrally within the study of large-scale interaction in many past societies. Because these connections were deeply bound not only to environmental and technological factors but also to social, economic, and political processes, maritime network approaches represent simultaneously spatial and social phenomena. This chapter selectively surveys maritime network studies to identify the challenges and opportunities they present, from their dynamic environments to the archaeological datasets—moving objects, ports, ships—on which they are often based. A closer examination of Mediterranean seaborne interaction under the Roman Empire helps to reveal the potential of network thinking and analysis as well as productive areas for future development. Maritime network approaches can facilitate new historical inquiry into interaction with and across the seas and oceans that have been fundamental to the movements of people, goods, and ideas. "
"World History as Oceanic History: Beyond Braudel","https://scispace.com/paper/world-history-as-oceanic-history-beyond-braudel-3efl7t92d7","2019","Journal Article","Historical Review-la Revue Historique","David Armitage","10.12681/HR.20462","https://scispace.com/pdf/world-history-as-oceanic-history-beyond-braudel-3efl7t92d7.pdf","- **Relevance Score:** 0/100
- **Relevance Tag:** Not Relevant
- **Reasoning:** Focuses on reimagining world history through oceans; does not discuss Janiszewski's maritimization theory, maritime sociology frameworks, or related empirical or comparative analyses.","Until recently, most historians shared a prejudice in favour of the history of land, territory and their human inhabitants. Yet two-thirds of the world’s surface is water and much of human history has been conducted on its shores, around its seas and across its oceans. This article proposes reimagining the history of the world through its oceans and seas and examines the multiple genealogies of oceanic history, Mediterranean, Pacific and Atlantic among them. It argues that these models do not exhaust the potential for an oceanic history of the world. It takes the example of the Atlantic and its history to show how models from other oceanic arenas can help us to open up new histories, of regions within larger oceans, of the transnational connections between oceans and of the world beneath the waves."
"Introduction: theorising heritage for the seas","https://scispace.com/paper/introduction-theorising-heritage-for-the-seas-1gaseqrfwn","2024","Journal Article","International Journal of Heritage Studies","Edyta Roszko
Tim Winter","10.1080/13527258.2024.2323545","","- **Relevance Score:** 0/100
- **Relevance Tag:** Not Relevant
- **Reasoning:** Focuses on heritage theory for oceans, not on Janiszewski's maritimization theory, maritime sociology frameworks, or empirical case studies linking sea‑society entanglement.","This Introduction makes the case for a more critical engagement with oceans and the maritime within critical heritage theory. We lay out a research agenda that more consciously foregrounds aquatic domains in debates about conservation, sovereignty, governance, state power, and the politics of memory. In laying the ground for the papers that follow, we portray oceanic geographies and maritime heritage as politically and culturally charged arenas in order to argue that oceans are far from neutral or culturally egalitarian spaces and are subject to human-imposed hierarchies and competing ontologies. We scrutinize the dynamic interplay between maritime and marine realms to challenge conventional understandings of space, territory, and ownership, advocating for a reimagined approach to heritage that recognizes the ocean’s pivotal role in shaping human history and culture. "
"A Field Map for Untangling the Entangled Sea","https://scispace.com/paper/a-field-map-for-untangling-the-entangled-sea-ayum7vpr0z","2020","Journal Article","Journal of Eastern Mediterranean Archaeology and Heritage Studies","Harris Cline","10.5325/JEASMEDARCHERSTU.8.3-4.0226","","- **Relevance Score:** 0/100
- **Relevance Tag:** Not Relevant
- **Reasoning:** Focuses on materiality and field maps for shipwrecks; does not discuss Janiszewski’s maritimization theory, maritime sociology frameworks, or the oceanic turn.","abstract:This article is situated at the intersection of ships, the sea, humans, and the nonhuman things on board and ashore. It explores the role of objects in maintaining social relations, inspired by materiality studies, entanglement, and Actor-Network Theory. The seafarer-thing relationship is the primary focus of this study through which I argue that archaeologists must not only catalog and classify the artifacts they find but also consider their object biographies, use-lives, and the stories, which can be told in the space between human-thing and thing-thing codependencies. The visualizations model the entanglement inside the complex systems of a merchant ship, the things carried on board, the humans, and activities on the ship, using the Polyaigos shipwreck as the protagonist in our thought experiment. I introduce “field maps,” which combine network sociograms with an interpretive layer of fields (economic, social, technological, infrastructure, religious) to analyze the ways humans and things are entangled."
"Controverses maritimes","https://scispace.com/paper/controverses-maritimes-16krmaf3","2022","Journal Article","Revue D'anthropologie Des Connaissances","Nicolas Benvegnu
H. Desfontaines
Sarah Ghaffari","10.4000/rac.28034","","- **Relevance Score:** 0/100
- **Relevance Tag:** Not Relevant
- **Reasoning:** Focuses on maritime controversies and knowledge production, without mentioning Janiszewski, maritimization theory, or the oceanic turn; lacks theoretical, historical, or empirical links to the specified criteria.","Cet article liminaire pose une double interrogation : la première concerne la spécificité de la mer comme objet de recherche et la seconde vise à rendre compte de la portée heuristique de la notion de controverse pour appréhender les enjeux maritimes. À partir de différents travaux sur la mer et ses enjeux, cet article montre comment les premières disputes autour de la mer contribuent à sa qualification en espace politique, objet de convoitise et de régulation nécessitant la production de cadres réglementaires spécifiques. L’article s’arrête ensuite sur les liens entre les savoirs produits sur la mer et ses ressources et l’ordre social en s’intéressant notamment aux formes de production et de légitimation de savoirs, à leur hiérarchisation et à leur traduction en décision politique. Enfin, la présentation des articles du dossier permet de mettre l’accent sur la pluralité des mondes sociaux et des registres de justification mobilisés pour qualifier les enjeux maritimes. Ceci nous conduit, in fine, à mettre en lumière les apports d’une approche par le prisme des controverses pour analyser dans un même ensemble des productions pourtant hétérogènes tant du point de vue des perspectives retenues que des échelles prises en compte. "
"Ocean flows and chains: sea power and maritime empires within IR theory","https://scispace.com/paper/ocean-flows-and-chains-sea-power-and-maritime-empires-within-16q8obrw","2022","Journal Article","Cambridge Review of International Affairs","Wolf W. Lasko","10.1080/09557571.2022.2137466","","- **Relevance Score:** 0/100
- **Relevance Tag:** Not Relevant
- **Reasoning:** Focuses on IR theory and maritime empire history; does not engage Janiszewski's maritimization theory, maritime sociology literature, or oceanic turn entanglement.","IR theory rests on territorial assumptions which shape our understanding of the nature of the state, the rise of the state system and the very concept of the international. The following paper asks, what if we moved away from a fixation on bounded territory to consider the influence of oceans and the maritime sphere? Humanity’s interaction with the sea has shaped history from the earliest known polities and early modern history, in particular, saw the rise of several great maritime powers. It was these movements across oceans which essentially shaped the modern world we know today, yet, the maritime sphere is virtually absent from IR theory. Security scholars may discuss piracy or projecting naval power, but this article aims to provide a more comprehensive treatment of incorporating a view of the oceans into IR theory. An examination of early modern maritime empires shows how the British empire developed by seeking to control ocean flows and circulations. "
"Relationality and Island Studies in the Anthropocene","https://scispace.com/paper/relationality-and-island-studies-in-the-anthropocene-yi7olm8u1w","2018","Journal Article","Information Systems Journal","Jonathan Pugh","10.24043/ISJ.48","https://scispace.com/pdf/relationality-and-island-studies-in-the-anthropocene-yi7olm8u1w.pdf","- **Relevance Score:** 0/100
- **Relevance Tag:** Not Relevant
- **Reasoning:** Discusses island relationality and the oceanic turn but never mentions Janiszewski, maritimization theory, or maritime sociology frameworks; lacks required theoretical and empirical focus.",""
"Anthropologie maritime ou anthropologie de la mer","https://scispace.com/paper/anthropologie-maritime-ou-anthropologie-de-la-mer-4gwcymn26c","2018","Journal Article","","Hélène Artaud","10.4000/ETHNOECOLOGIE.3484","https://scispace.com/pdf/anthropologie-maritime-ou-anthropologie-de-la-mer-4gwcymn26c.pdf","- **Relevance Score:** 0/100
- **Relevance Tag:** Not Relevant
- **Reasoning:** Focuses on French maritime anthropology debates, not on Janiszewski's maritimization theory, oceanic turn, or related empirical/comparative analyses.","Le present dossier est constitue des actes d’un colloque, tenu au Musee de l’Homme les 8 et 9 juin 2016, dont l’intention principale etait de repenser les fondements et la place de l’anthropologie maritime dans les debats contemporains. La tâche qui m’etait impartie de l’introduire n’etait pas aisee, pour une raison double. La premiere tient a l’anteriorite de la demarche. Quoique l’anthropologie maritime ait occupe une place marginale dans la discipline anthropologique, elle n’en a pas moins..."
"Degradasi kebudayaan maritim: sejarah, identitas, dan praktik sosial melaut di banten","https://scispace.com/paper/degradasi-kebudayaan-maritim-sejarah-identitas-dan-praktik-rkpytyce1r","2016","","","Amarulla Octavian
Bayu A Yulianto","10.14203/JMI.V40I2.115","https://scispace.com/pdf/degradasi-kebudayaan-maritim-sejarah-identitas-dan-praktik-rkpytyce1r.pdf","- **Relevance Score:** 0/100
- **Relevance Tag:** Not Relevant
- **Reasoning:** Focuses on local maritime cultural decline in Banten without referencing Janiszewski, maritime sociology theory, or oceanic turn concepts.","Kolonialisme dianggap sebagai tesis awal yang mengetengahkan meluruhnya kebudayaan maritim nusantara. Kendati demikian, dalam kerangka mengembalikan kebudayaan maritim itu sendiri, pertanyaan terkait representasi peluruhan itu di dalam masyarakat masih perlu dielaborasi lebih jauh. Artikel ini menyajikan proses peluruhan kebudayaan maritim di wilayah Banten, baik dari sisi historis maupun representasi dalam konteks praktik sosial melaut kekinian di masyarakat dalam perspektif sosiologi. Kata Kunci: Kebudayaan, maritim, sejarah, representasi, dan praktik sosial"
"Plagues, past, and futures for the Yagan canoe people of Cape Horn, southern Chile","https://scispace.com/paper/plagues-past-and-futures-for-the-yagan-canoe-people-of-cape-k84xpktkdy","2021","Journal Article","Maritime Studies","Gustavo Blanco-Wells
Macarena Libuy
Alberto Harambour
Karina Rodríguez","10.1007/S40152-021-00217-2","https://scispace.com/pdf/plagues-past-and-futures-for-the-yagan-canoe-people-of-cape-k84xpktkdy.pdf","- **Relevance Score:** 0/100
- **Relevance Tag:** Not Relevant
- **Reasoning:** Focuses on Yagan peoples, sociomaterial/posthumanist theory, and political ontology; does not discuss Janiszewski's maritimization theory, maritime sociology frameworks, or related empirical case studies.","The manner in which the COVID-19 pandemic has affected the indigenous Yagan people of Navarino Island in southern Chile is the topic of this paper. Like other First Nation communities, these nomadic people suffered decimation and disease in successive encounters with Europeans, and then, in the mid-twentieth century, forced sedentarization by the Chilean State. More recently, the Yagan have fought the expansion of salmon aquaculture to the Island. Making use of a sociomaterial approach, we examine how the threat of past and present viruses and diseases, added to the tragic effects of colonization, become part of a broader sociohistorical debate on the right of coastal peoples to their maritories. Paradoxically, our results suggest that COVID-19 has become part of an assemblage of ethnic revitalization, opening possibilities for the Yagan clans to make some of their envisioned futures possible."
"The Sea: A History in Movement","https://scispace.com/paper/the-sea-a-history-in-movement-27mfiqqy","2022","Journal Article","Diasporas-histoire Et Societes","Hugo Vermeren","10.4000/diasporas.9196","","- **Relevance Score:** 0/100
- **Relevance Tag:** Not Relevant
- **Reasoning:** Focuses on maritime labor history and mobility without referencing Janiszewski’s theory, maritime sociology frameworks, or oceanic turn concepts.","Depuis plusieurs années, les recherches consacrées aux mondes professionnels de la pêche ont élargi les perspectives d’une histoire maritime longtemps cloisonnée aux champs militaire et commercial. Attentives aux problématiques environnementales et aux sciences naturelles, elles ont permis de restituer à la mer son historicité propre. Cette contribution revient sur ce tournant historiographique en se focalisant sur les liens entre travail maritime et mobilité. "
"Nature/Culture/Seawater","https://scispace.com/paper/nature-culture-seawater-2saq9av455","2011","Journal Article","American Anthropologist","Stefan Helmreich","10.1111/J.1548-1433.2010.01311.X","https://scispace.com/pdf/nature-culture-seawater-2saq9av455.pdf","- **Relevance Score:** 0/100
- **Relevance Tag:** Not Relevant
- **Reasoning:** Focuses on seawater as nature/culture, lacking Janiszewski's maritimization theory, maritime sociology framing, or explicit oceanic turn analysis.","Seawater has occupied an ambiguous place in anthropological categories of ""nature"" and ""culture."" Seawater as nature appears as potentiality of form and uncontainable flux; it moves faster than culture - with culture frequently figured through land-based metaphors - even as culture seeks to channel water's (nature's) flow. Seawater as culture manifests as a medium of pleasure, sustenance, travel, disaster. I argue that, although seawater's qualities in early anthropology were portrayed impressionistically, today technical, scientific descriptions of water's form prevail. For example, processes of globalization - which may also be called ""oceanization"" - are often described as ""currents,"" ""flows,"" and ""circulations."" Examining sea-set ethnography, maritime anthropologies, and contemporary social theory, I propose that seawater has operated as a “theory machine” for generating insights about human cultural organization. I develop this argument with ethnography from the Sargasso Sea and in the Sea Islands. I conclude with a critique of appeals to water's form in social theory."
"Aligning the social sciences with the deep ocean: developments and definitions for a new research agenda","https://scispace.com/paper/aligning-the-social-sciences-with-the-deep-ocean-uamjch08aivp","2025","Journal Article","","Susanna Lidström
Neil Craik","10.5194/oos2025-590","","- **Relevance Score:** 0/100
- **Relevance Tag:** Not Relevant
- **Reasoning:** Does not discuss Janiszewski’s maritimization theory, maritime sociology frameworks, or the oceanic turn; focuses on defining deep‑sea social science agenda and governance.","The deep ocean is connected to people, communities and societies in fundamental and intricate ways, including through regulation of Earth system processes such as the climate but also through direct impacts on economies and wellbeing through resource extraction, distribution of benefits, research practices and governance regimes. While a dedicated community of natural scientists study the nature and particularities of the deep ocean, corresponding deep-sea social sciences are yet to be developed – or named as such. Economists, historians, anthropologists, law scholars and other social scientists have so far worked with different categorisations of the marine realm, focusing on political and legal classifications, such as territorial or coastal waters, exclusive economic zones, and the high seas. However, this horizontal approach to ocean zones reflects a lack of appreciation of the importance of the verticality and three-dimensionality of the ocean space, where the deeper parts of the ocean are fundamentally different from the shallower parts, regardless of whether they are in national or international territories.This paper aims to challenge and revise the traditional horizontal conceptualisation of maritime zones in the social sciences by approaching the deep ocean as a relevant category for studies of human-ocean relationships and investigating the unique social science-dimensions of deep-sea environments. Our intention is to provide a fundamental perspective of how the social sciences may interact with deep-sea definitions developed in the natural sciences over the past couple of decades. Establishing this base, we contend, will provide a sound starting point for identification and investigations of more particular social science concerns and areas of study, such as social, economic and equity impacts from specific deep-sea activities including seabed mining, marine carbon dioxide removal and storage, bioprospecting, pollution, and corresponding governance responses.Our paper draws on a collaboration between social scientists and deep-sea natural scientists, and is an attempt to bridge these fields. The collaborative effort to identify the scientific foundations for treating the deep ocean as a distinct unit of analysis includes a 2024 workshop organised by the Deep Ocean Stewardship Initiative at Scripps Institution of Oceanography, followed by continued efforts to combine diverse perspectives in multiple papers. The study presented here is the main attempt within this broader framework to align social science issues and areas of relevance to the key bio-geo-physical processes, ecosystems and ecological conditions, and challenges and threats that justify the distinct scientific treatment of the deep ocean across disciplines. "
"Il mare unisce ciò che la terra divide. Antropologie dai mari del sud. Introduzione1","https://scispace.com/paper/il-mare-unisce-cio-che-la-terra-divide-antropologie-dai-mari-8qwn3pwq","2022","Journal Article","Archivio antropologico mediterraneo","Matteo Aria
Francesco Lattanzi","10.4000/aam.6438","https://scispace.com/pdf/il-mare-unisce-cio-che-la-terra-divide-antropologie-dai-mari-8qwn3pwq.pdf","- **Relevance Score:** 0/100
- **Relevance Tag:** Not Relevant
- **Reasoning:** Focuses on 1970s anthropological debates about sea vs. land, without mentioning Janiszewski, maritimization theory, or oceanic turn frameworks.",""
"The relational turn in island geographies: bringing together island, sea and ship relations and the case of the Landship","https://scispace.com/paper/the-relational-turn-in-island-geographies-bringing-together-32x3np0cfj","2016","Journal Article","Social & Cultural Geography","Jonathan Pugh","10.1080/14649365.2016.1147064","https://scispace.com/pdf/the-relational-turn-in-island-geographies-bringing-together-32x3np0cfj.pdf","- **Relevance Score:** 0/100
- **Relevance Tag:** Not Relevant
- **Reasoning:** Focuses on relational island‑sea‑ship turn via the Landship case; does not discuss Janiszewski’s maritimization theory, maritime sociology frameworks, or related empirical or historical analyses.","Island studies are a growing field of research. A relational turn has recently taken place in island studies alongside relational turns in associated fields of research, including oceanic and ship geographies (although not always in conversation with them). While all three now challenge the landlocked nature of geography and related disciplines, this paper suggests that islands, oceans and ships should not always be reductively conceptualized in isolation, because they are often bound together through complex and shifting relations and assemblages. After reviewing debates and conceptual gaps in the critical island, sea and ship literatures, the paper makes this argument by reference to an island dance performance and social institution that is not wholly of the island, the ship or sea, called the Barbados’ Landship."
"Anthropology of and from the Ocean","https://scispace.com/paper/anthropology-of-and-from-the-ocean-4f4nc38az0","2024","Journal Article","Annual Review of Anthropology","Jatin Dua","10.1146/annurev-anthro-041422-012504","","- **Relevance Score:** 0/100
- **Relevance Tag:** Not Relevant
- **Reasoning:** Focuses on anthropology of the ocean, lacking discussion of Janiszewski's maritimization theory, maritime sociology frameworks, or related empirical and theoretical analyses.","The ocean has a key, though often unremarked role, in shaping everyday life, from impacting weather patterns and food supplies to facilitating, and contesting, systems of capitalism, including contemporary logistics, empires, mobility, and migration. Beginning with early debates on maritime anthropology, this review traces the shift from maritime anthropology to an anthropology of and from the ocean. It notes the ways that the ocean appears and disappears as metaphor or material space of encounter and engagement within the past, present, and possible futures of anthropology. It shows how absence and presence as well as metaphor and materiality are the modes through which oceans are imagined and inhabited. While there is no distinct oceanic turn in anthropology in contrast with a number of other disciplines, the anthropology of and from the ocean holds the possibility to reenergize anthropology's interdisciplinary encounters, including with history and geography, as well as modes of engaging scale and specificity. "
"A maritime turn and ocean ontologies in critical heritage studies","https://scispace.com/paper/a-maritime-turn-and-ocean-ontologies-in-critical-heritage-q9rtg442z4","2023","Journal Article","International Journal of Heritage Studies","Tim Winter","10.1080/13527258.2023.2284736","","- **Relevance Score:** 0/100
- **Relevance Tag:** Not Relevant
- **Reasoning:** Focuses on heritage theory and ocean ontologies, without mentioning Janiszewski, maritimization theory, or maritime sociology frameworks.","ABSTRACT This paper calls for a maritime turn in critical heritage theory. Drawing on recent work on ocean and maritime ontologies, it takes up the idea of the ‘ocean in excess’ to argue for a maritime imagination that overcomes the separation of land from water, culture from nature. The paper begins by sketching out the terracentric norms that have come to underpin critical theory around cultural heritage. From there, recent insights on ocean ontologies are cited to show how they can open up new ways of thinking about existing strands of critical heritage work. The second half of the paper turns to the issue of ocean governance and the complex politics that arise from competing ontologies. This provides the foundation for a discussion of the transoceanic heritage discourses that are now emerging, as countries seek regional, come global influence in world affairs. Understanding these and other developments requires moving beyond the earthly, such that we more robustly engage with a multivalent heritage politics that operates across air, water and land."
"Géographie sociale. La mer, populations maritimes, migrations, pêches, commerce, domination de la mer,","https://scispace.com/paper/geographie-sociale-la-mer-populations-maritimes-migrations-rgeklf4tbh","1908","Monograph","","Camille Vallaux","10.5962/BHL.TITLE.43826","https://scispace.com/pdf/geographie-sociale-la-mer-populations-maritimes-migrations-rgeklf4tbh.pdf","- **Relevance Score:** 0/100
- **Relevance Tag:** Not Relevant
- **Reasoning:** Early 20th‑century social geography of the sea; predates Janiszewski, lacks explicit theory discussion, case studies, or future research on maritimization.",""
"L´anthropologie maritime: un domaine en évolution: hors cadre traditionnel de l´anthropologie sociale","https://scispace.com/paper/l-anthropologie-maritime-un-domaine-en-evolution-hors-cadre-56x32dr6x0","2007","","","Aliette Geistdoerfer","","","- **Relevance Score:** 0/100
- **Relevance Tag:** Not Relevant
- **Reasoning:** Focuses on maritime anthropology fundamentals and active approaches; does not mention Janiszewski, maritimization theory, oceanic turn, or related sociological frameworks.","La antropologia maritima es el estudio de las especificidades tecnicas, sociales y culturales de las sociedades que explotan el mar. Pluridisciplinaridad y la toma en cuenta de las escalas nacionales e internacionales son obligatorias. Estan establecidas una topologia de las sociedades maritimas y sus particularidades irreductibles y estructurales. Junto a una antropologia maritima fundamental, otra antropologia maritima ""activa"" se pone en marcha asi como nuevos ambitos de investigacion."
"Introduction: Maritime Im/Mobilities","https://scispace.com/paper/introduction-maritime-im-mobilities-3om93wj5","2023","Book Chapter","","Hilary Dugan","10.1007/978-3-030-91275-8_1","https://scispace.com/pdf/introduction-maritime-im-mobilities-3om93wj5.pdf","- **Relevance Score:** 0/100
- **Relevance Tag:** Not Relevant
- **Reasoning:** Focuses on maritime im/mobilities and blue cultural studies without referencing Janiszewski, maritimization theory, or related sociological frameworks.","Abstract In a time of refugee boats and rising seas, maritime mobilities and immobilities have regained critical status for the development of viable futures—social, economic, environmental, political, as well as imaginative. This introduction describes advances in maritime studies, alongside “blue cultural studies” or “oceanic humanities,” and covers a selection of recent critical perspectives in the maritime humanities that have extended, but also criticized, earlier assumptions in the field: Eurocentric, anthropocentric, and class-, race-, and gender-based. The focus is on some of the ways in which maritime studies has been informed by mobility studies, an interdisciplinary field within the humanities. Taking up cultural geography’s revision of the field to acknowledge the centrality of movement in history and society and to move beyond logistics-centered transportation studies, mobility studies investigates the production of mobilities and immobilities historically, socially, politically, and culturally. The present volume sets out to explore how oceanic im/mobilities have been framed and articulated in the literary and cultural imagination. "
"Maritime Culture Degradation of Indonesian Society in Social Practice of Seafaring","https://scispace.com/paper/maritime-culture-degradation-of-indonesian-society-in-social-23hjxeul","2023","Journal Article","AURELIA: Jurnal Penelitian dan Pengabdian Masyarakat Indonesia","Aini Nahdlia Puspita
Widodo Widodo
Abdul Rivai Ras
Pujo Widodo
Herlina Juni Risma Saragih","10.57235/aurelia.v2i1.286","https://scispace.com/pdf/maritime-culture-degradation-of-indonesian-society-in-social-23hjxeul.pdf","- **Relevance Score:** 0/100
- **Relevance Tag:** Not Relevant
- **Reasoning:** Focuses on cultural degradation of Indonesian seafaring practices; does not engage with Janiszewski's maritimization theory, maritime sociology frameworks, or related theoretical debates.","Indonesia since a long time ago has been known as a nation whose maritime is very strong, such as the activities or practices of seafaring which were carried out by the ancestors of the Indonesian nation. However, the current problem is the degradation of maritime culture in the social practices of seafaring. The purpose of this research is to find out the factors that cause Indonesian people not to go to sea and the degradation of maritime culture that occurs in Indonesian society in the social practices of seafaring. The method used in this study is a qualitative descriptive method with data sources derived from relevant books or journals. The results of this study, namely (1) the factors that cause people not to go to sea are due to unstable social economy for fisherman, climate change and erratic weather, fuel oil (BBM) which is difficult to obtain for ships, the use of technology that is still old technology, and the quota-based fisheries policy; and (2) the current degradation of maritime culture in Indonesian society is the transition from fisherman to other professions, such as farmers, foreign ship crews, and Indonesian migrant workers."
"Défis scientifiques et sociaux de l'anthropologie maritime","https://scispace.com/paper/defis-scientifiques-et-sociaux-de-l-anthropologie-maritime-2ip6ptw9gi","2018","Journal Article","","Nastassia Reyes
Clément Garineaud
Frédérique Chlous","10.4000/ETHNOECOLOGIE.3485","https://scispace.com/pdf/defis-scientifiques-et-sociaux-de-l-anthropologie-maritime-2ip6ptw9gi.pdf","- **Relevance Score:** 0/100
- **Relevance Tag:** Not Relevant
- **Reasoning:** Focuses on defining and debating maritime anthropology in France; does not address Janiszewski's maritimization theory, oceanic turn, or related sociological frameworks.","Dans le debat public, les enjeux sur l’environnement se font plus presents et le milieu maritime n’echappe pas a cet emballement. Les problematiques liees aux pollutions marines, aux especes menacees, a la construction des territoires, a l’augmentation des usages de loisirs, aux politiques de conservation, aux droits d’acces aux ressources et aux biens communs, etc. tiennent une place de plus en plus centrale dans les debats societaux et sur les agendas politiques. Plus largement, ces questio..."
"Neke geopolitičke i geostrateške značajke svjetskog mora i Sredozemnog bazena","https://scispace.com/paper/neke-geopoliticke-i-geostrateske-znacajke-svjetskog-mora-i-tz3dkf1rfg","1971","","","Radovan Pavić","","https://scispace.com/pdf/neke-geopoliticke-i-geostrateske-znacajke-svjetskog-mora-i-tz3dkf1rfg.pdf","- **Relevance Score:** 0/100
- **Relevance Tag:** Not Relevant
- **Reasoning:** Focuses on geopolitical and geostrategic aspects of world seas and the Mediterranean; does not address Janiszewski's maritimization theory, maritime sociology frameworks, or related empirical or theoretical analyses.",""
"Tracking (Im)mobilities at Sea: Ships, Boats and Surveillance Strategies","https://scispace.com/paper/tracking-im-mobilities-at-sea-ships-boats-and-surveillance-5fcz6tnw57","2014","Journal Article","Mobilities","Kimberley Peters","10.1080/17450101.2014.946775","","- **Relevance Score:** 0/100
- **Relevance Tag:** Not Relevant
- **Reasoning:** The paper focuses on ship and boat surveillance mobilities without referencing Janiszewski's maritimization theory, maritime sociology frameworks, or related historical and comparative analyses.",""
"From Monodisciplinary via Multidisciplinary to an Interdisciplinary Approach Investigating Air-Sea Interactions – a SOLAS Initiative","https://scispace.com/paper/from-monodisciplinary-via-multidisciplinary-to-an-jjienkywgx","2020","Journal Article","Coastal Management","Christa A. Marandino
Erik van Doorn
Natasha McDonald
Martin Johnson
Bulent Acma
Emilie H. G. Breviere
Hanna I. Campen
Silvina Carou
Emilio Cocco
Sonja Endres
Nathalie Hilmi
Frances E. Hopkins
Peter S. Liss
Frank Maes
Monica Mårtensson
Johannes Oeffner
Mary O. Oloyede
Andrew Peters
Birgit Quack
Pradeep Singh
Helmuth Thomas","10.1080/08920753.2020.1773208","https://scispace.com/pdf/from-monodisciplinary-via-multidisciplinary-to-an-jjienkywgx.pdf","- **Relevance Score:** 0/100
- **Relevance Tag:** Not Relevant
- **Reasoning:** Paper focuses on interdisciplinary marine research structures; does not mention Janiszewski, maritimization theory, or related sociological frameworks.","Understanding the physical and biogeochemical interactions and feedbacks between the ocean and atmosphere is a vital component of environmental and Earth system research. The ability to predict and..."
"Putting Lifeworlds at Sea: Studying Meaning-Making in Marine Research","https://scispace.com/paper/putting-lifeworlds-at-sea-studying-meaning-making-in-marine-2t5x5pg0j9","2016","Journal Article","Frontiers in Marine Science","Rapti Siriwardane-de Zoysa
Anna-Katharina Hornidge
Anna-Katharina Hornidge","10.3389/FMARS.2016.00197","https://scispace.com/pdf/putting-lifeworlds-at-sea-studying-meaning-making-in-marine-2t5x5pg0j9.pdf","- **Relevance Score:** 0/100
- **Relevance Tag:** Not Relevant
- **Reasoning:** The paper focuses on lifeworlds, interspecies meaning‑making, and marine sensoriality, without mentioning Janiszewski’s maritimization theory, maritime sociology frameworks, or related empirical or comparative analyses.","An individual’s ‘lifeworld’ guides perceptions, the attachment of meaning and in sum, the interpretation of reality in everyday life. Yet the lifeworld (Ger. Lebenswelt) has been an undertheorized concept within interdisciplinary marine research. Through a two-stage analysis, we critically engage with the philosophical foundations, heuristic value and the methodological versatility that the interpretivist concept of the lifeworld stands to offer, drawing from contemporary marine research. With two illustrative case studies exploring the lived realities of vastly different waterworlds in rural Uzbekistan and Sri Lanka, we further engage with the strengths and limitations of integrating a lifeworlds analysis into interdisciplinary work on localized perceptions. As a second step, we analyze the efficacy of adopting a phenomenological-lifeworlds approach in order to inductively explore diverse realities of coastal and sea-based peoples, while acknowledging the terrestrially-bound and anthropocentric genesis of the lifeworld as a concept. Therefore, in order to enliven hybrid thematic currents, conceptual debates and methodologies on ‘marine lifeworlds’ on its own terms, we propose two thematic vantage points for interdisciplinary intervention by: a) critically engaging with cognitive-material meanings and lived interpretations of 'saltwater' realities; b) tracing multiple modes of sociality and being with/in-the-world that go beyond human entanglements. In sum, we argue that while the lifeworlds concept affords spaces through which to study the complexities and ambivalences rife in surface-level perceptions, it promises the means with which to sidestep over-simplistic inferences to the vague and embattled notion of ‘culture’, while widening horizons for reflective and experimental-experiential lines of inquiry."