"Correlation id,""Operation name"",""Status"",""Event category"",""Level"",""Time"",""Subscription"",""Event initiated by"",""Resource type"",""Resource group"",""Resource"""
"ec6d3399-3ead-4d14-8897-d7682498072a,""Create Deployment"",""Succeeded"",""Administrative"",""Informational"",""2025-09-16T06:18:23.478Z"",""2dc73f4d-e58e-4cdf-a7f2-68e77cd9c34e"",""robert.bartlomiejski@usz.edu.pl"",""Microsoft.Resources/deployments"",""rbhabazure"",""/subscriptions/2dc73f4d-e58e-4cdf-a7f2-68e77cd9c34e/resourceGroups/rbhabazure/providers/Microsoft.Resources/deployments/Microsoft.Azure.CosmosDB-20250916081652"""
"ec6d3399-3ead-4d14-8897-d7682498072a,""Create Deployment"",""Started"",""Administrative"",""Informational"",""2025-09-16T06:16:29.500Z"",""2dc73f4d-e58e-4cdf-a7f2-68e77cd9c34e"",""robert.bartlomiejski@usz.edu.pl"",""Microsoft.Resources/deployments"",""rbhabazure"",""/subscriptions/2dc73f4d-e58e-4cdf-a7f2-68e77cd9c34e/resourceGroups/rbhabazure/providers/Microsoft.Resources/deployments/Microsoft.Azure.CosmosDB-20250916081652"""
"ec6d3399-3ead-4d14-8897-d7682498072a,""Create Deployment"",""Succeeded"",""Administrative"",""Informational"",""2025-09-16T06:16:30.640Z"",""2dc73f4d-e58e-4cdf-a7f2-68e77cd9c34e"",""robert.bartlomiejski@usz.edu.pl"",""Microsoft.Resources/deployments"",""rbhabazure"",""/subscriptions/2dc73f4d-e58e-4cdf-a7f2-68e77cd9c34e/resourceGroups/rbhabazure/providers/Microsoft.Resources/deployments/Microsoft.Azure.CosmosDB-20250916081652"""
"ec6d3399-3ead-4d14-8897-d7682498072a,""Create Deployment"",""Accepted"",""Administrative"",""Informational"",""2025-09-16T06:16:30.672Z"",""2dc73f4d-e58e-4cdf-a7f2-68e77cd9c34e"",""robert.bartlomiejski@usz.edu.pl"",""Microsoft.Resources/deployments"",""rbhabazure"",""/subscriptions/2dc73f4d-e58e-4cdf-a7f2-68e77cd9c34e/resourceGroups/rbhabazure/providers/Microsoft.Resources/deployments/Microsoft.Azure.CosmosDB-20250916081652"""
"ec6d3399-3ead-4d14-8897-d7682498072a,""Update database account"",""Started"",""Administrative"",""Informational"",""2025-09-16T06:16:32.925Z"",""2dc73f4d-e58e-4cdf-a7f2-68e77cd9c34e"",""robert.bartlomiejski@usz.edu.pl"",""Microsoft.DocumentDb/databaseAccounts"",""rbhabazure"",""/subscriptions/2dc73f4d-e58e-4cdf-a7f2-68e77cd9c34e/resourcegroups/rbhabazure/providers/Microsoft.DocumentDb/databaseAccounts/robertbartlomiejski"""
"ec6d3399-3ead-4d14-8897-d7682498072a,""'audit' Policy action."",""Succeeded"",""Policy"",""Warning"",""2025-09-16T06:16:33.081Z"",""2dc73f4d-e58e-4cdf-a7f2-68e77cd9c34e"",""robert.bartlomiejski@usz.edu.pl"",""Microsoft.DocumentDb/databaseAccounts"",""rbhabazure"",""/subscriptions/2dc73f4d-e58e-4cdf-a7f2-68e77cd9c34e/resourcegroups/rbhabazure/providers/Microsoft.DocumentDb/databaseAccounts/robertbartlomiejski"""
"ec6d3399-3ead-4d14-8897-d7682498072a,""Update database account"",""Accepted"",""Administrative"",""Informational"",""2025-09-16T06:16:41.222Z"",""2dc73f4d-e58e-4cdf-a7f2-68e77cd9c34e"",""robert.bartlomiejski@usz.edu.pl"",""Microsoft.DocumentDb/databaseAccounts"",""rbhabazure"",""/subscriptions/2dc73f4d-e58e-4cdf-a7f2-68e77cd9c34e/resourcegroups/rbhabazure/providers/Microsoft.DocumentDb/databaseAccounts/robertbartlomiejski"""
"ec6d3399-3ead-4d14-8897-d7682498072a,""Read database account"",""Running"",""Administrative"",""Informational"",""2025-09-16T06:16:56.638Z"",""2dc73f4d-e58e-4cdf-a7f2-68e77cd9c34e"",""robert.bartlomiejski@usz.edu.pl"",""Microsoft.DocumentDb/databaseAccounts"",""rbhabazure"",""/subscriptions/2dc73f4d-e58e-4cdf-a7f2-68e77cd9c34e/resourcegroups/rbhabazure/providers/Microsoft.DocumentDb/databaseAccounts/robertbartlomiejski"""
"ec6d3399-3ead-4d14-8897-d7682498072a,""Read database account"",""Running"",""Administrative"",""Informational"",""2025-09-16T06:17:12.422Z"",""2dc73f4d-e58e-4cdf-a7f2-68e77cd9c34e"",""robert.bartlomiejski@usz.edu.pl"",""Microsoft.DocumentDb/databaseAccounts"",""rbhabazure"",""/subscriptions/2dc73f4d-e58e-4cdf-a7f2-68e77cd9c34e/resourcegroups/rbhabazure/providers/Microsoft.DocumentDb/databaseAccounts/robertbartlomiejski"""
"ec6d3399-3ead-4d14-8897-d7682498072a,""Read database account"",""Running"",""Administrative"",""Informational"",""2025-09-16T06:17:28.560Z"",""2dc73f4d-e58e-4cdf-a7f2-68e77cd9c34e"",""robert.bartlomiejski@usz.edu.pl"",""Microsoft.DocumentDb/databaseAccounts"",""rbhabazure"",""/subscriptions/2dc73f4d-e58e-4cdf-a7f2-68e77cd9c34e/resourcegroups/rbhabazure/providers/Microsoft.DocumentDb/databaseAccounts/robertbartlomiejski"""
"ec6d3399-3ead-4d14-8897-d7682498072a,""Read database account"",""Running"",""Administrative"",""Informational"",""2025-09-16T06:17:44.597Z"",""2dc73f4d-e58e-4cdf-a7f2-68e77cd9c34e"",""robert.bartlomiejski@usz.edu.pl"",""Microsoft.DocumentDb/databaseAccounts"",""rbhabazure"",""/subscriptions/2dc73f4d-e58e-4cdf-a7f2-68e77cd9c34e/resourcegroups/rbhabazure/providers/Microsoft.DocumentDb/databaseAccounts/robertbartlomiejski"""
"ec6d3399-3ead-4d14-8897-d7682498072a,""Read database account"",""Running"",""Administrative"",""Informational"",""2025-09-16T06:18:00.242Z"",""2dc73f4d-e58e-4cdf-a7f2-68e77cd9c34e"",""robert.bartlomiejski@usz.edu.pl"",""Microsoft.DocumentDb/databaseAccounts"",""rbhabazure"",""/subscriptions/2dc73f4d-e58e-4cdf-a7f2-68e77cd9c34e/resourcegroups/rbhabazure/providers/Microsoft.DocumentDb/databaseAccounts/robertbartlomiejski"""
"ec6d3399-3ead-4d14-8897-d7682498072a,""Update database account"",""Succeeded"",""Administrative"",""Informational"",""2025-09-16T06:18:18.279Z"",""2dc73f4d-e58e-4cdf-a7f2-68e77cd9c34e"",""robert.bartlomiejski@usz.edu.pl"",""Microsoft.DocumentDb/databaseAccounts"",""rbhabazure"",""/subscriptions/2dc73f4d-e58e-4cdf-a7f2-68e77cd9c34e/resourcegroups/rbhabazure/providers/Microsoft.DocumentDb/databaseAccounts/robertbartlomiejski"""
"c1706057-c685-4c16-8274-d14a61f02701,""Validate Deployment"",""Succeeded"",""Administrative"",""Informational"",""2025-09-16T06:16:29.259Z"",""2dc73f4d-e58e-4cdf-a7f2-68e77cd9c34e"",""robert.bartlomiejski@usz.edu.pl"",""Microsoft.Resources/deployments"",""rbhabazure"",""/subscriptions/2dc73f4d-e58e-4cdf-a7f2-68e77cd9c34e/resourceGroups/rbhabazure/providers/Microsoft.Resources/deployments/Microsoft.Azure.CosmosDB-20250916081652"""
"c1706057-c685-4c16-8274-d14a61f02701,""Validate Deployment"",""Started"",""Administrative"",""Informational"",""2025-09-16T06:16:28.774Z"",""2dc73f4d-e58e-4cdf-a7f2-68e77cd9c34e"",""robert.bartlomiejski@usz.edu.pl"",""Microsoft.Resources/deployments"",""rbhabazure"",""/subscriptions/2dc73f4d-e58e-4cdf-a7f2-68e77cd9c34e/resourceGroups/rbhabazure/providers/Microsoft.Resources/deployments/Microsoft.Azure.CosmosDB-20250916081652"""
"64507c02-53e8-43fc-8aee-1bc13ec4d5fb,""Validate Deployment"",""Succeeded"",""Administrative"",""Informational"",""2025-09-16T06:16:22.517Z"",""2dc73f4d-e58e-4cdf-a7f2-68e77cd9c34e"",""robert.bartlomiejski@usz.edu.pl"",""Microsoft.Resources/deployments"",""rbhabazure"",""/subscriptions/2dc73f4d-e58e-4cdf-a7f2-68e77cd9c34e/resourceGroups/rbhabazure/providers/Microsoft.Resources/deployments/Microsoft.Azure.CosmosDB-20250916081645"""
"64507c02-53e8-43fc-8aee-1bc13ec4d5fb,""Validate Deployment"",""Started"",""Administrative"",""Informational"",""2025-09-16T06:16:21.892Z"",""2dc73f4d-e58e-4cdf-a7f2-68e77cd9c34e"",""robert.bartlomiejski@usz.edu.pl"",""Microsoft.Resources/deployments"",""rbhabazure"",""/subscriptions/2dc73f4d-e58e-4cdf-a7f2-68e77cd9c34e/resourceGroups/rbhabazure/providers/Microsoft.Resources/deployments/Microsoft.Azure.CosmosDB-20250916081645"""
"72e5246f-aa21-493d-b7cc-5449a0377e3a,""List Classify Services"",""Succeeded"",""Administrative"",""Informational"",""2025-09-16T05:59:58.367Z"",""2dc73f4d-e58e-4cdf-a7f2-68e77cd9c34e"",""robert.bartlomiejski@usz.edu.pl"","""","""",""/subscriptions/2dc73f4d-e58e-4cdf-a7f2-68e77cd9c34e/providers/Microsoft.Support"""
"72e5246f-aa21-493d-b7cc-5449a0377e3a,""List Classify Services"",""Started"",""Administrative"",""Informational"",""2025-09-16T05:59:57.930Z"",""2dc73f4d-e58e-4cdf-a7f2-68e77cd9c34e"",""robert.bartlomiejski@usz.edu.pl"","""","""",""/subscriptions/2dc73f4d-e58e-4cdf-a7f2-68e77cd9c34e/providers/Microsoft.Support"""
"b274f314-8817-4d90-b7ec-aa1d276125fa,""'auditIfNotExists' Policy action."",""Succeeded"",""Policy"",""Informational"",""2025-09-16T05:59:48.142Z"",""2dc73f4d-e58e-4cdf-a7f2-68e77cd9c34e"",""robert.bartlomiejski@usz.edu.pl"",""Microsoft.Search/searchServices"",""rbhabazure"",""/subscriptions/2dc73f4d-e58e-4cdf-a7f2-68e77cd9c34e/resourcegroups/rbhabazure/providers/Microsoft.Search/searchServices/pactquart1"""
"b274f314-8817-4d90-b7ec-aa1d276125fa,""Create Deployment"",""Started"",""Administrative"",""Informational"",""2025-09-16T05:49:34.598Z"",""2dc73f4d-e58e-4cdf-a7f2-68e77cd9c34e"",""robert.bartlomiejski@usz.edu.pl"",""Microsoft.Resources/deployments"",""rbhabazure"",""/subscriptions/2dc73f4d-e58e-4cdf-a7f2-68e77cd9c34e/resourceGroups/rbhabazure/providers/Microsoft.Resources/deployments/Microsoft.Template-20250916074950"""
"b274f314-8817-4d90-b7ec-aa1d276125fa,""Create Deployment"",""Succeeded"",""Administrative"",""Informational"",""2025-09-16T05:49:35.755Z"",""2dc73f4d-e58e-4cdf-a7f2-68e77cd9c34e"",""robert.bartlomiejski@usz.edu.pl"",""Microsoft.Resources/deployments"",""rbhabazure"",""/subscriptions/2dc73f4d-e58e-4cdf-a7f2-68e77cd9c34e/resourceGroups/rbhabazure/providers/Microsoft.Resources/deployments/Microsoft.Template-20250916074950"""
"b274f314-8817-4d90-b7ec-aa1d276125fa,""Create Deployment"",""Accepted"",""Administrative"",""Informational"",""2025-09-16T05:49:35.786Z"",""2dc73f4d-e58e-4cdf-a7f2-68e77cd9c34e"",""robert.bartlomiejski@usz.edu.pl"",""Microsoft.Resources/deployments"",""rbhabazure"",""/subscriptions/2dc73f4d-e58e-4cdf-a7f2-68e77cd9c34e/resourceGroups/rbhabazure/providers/Microsoft.Resources/deployments/Microsoft.Template-20250916074950"""
"b274f314-8817-4d90-b7ec-aa1d276125fa,""Set Search Service"",""Started"",""Administrative"",""Informational"",""2025-09-16T05:49:38.591Z"",""2dc73f4d-e58e-4cdf-a7f2-68e77cd9c34e"",""robert.bartlomiejski@usz.edu.pl"",""Microsoft.Search/searchServices"",""rbhabazure"",""/subscriptions/2dc73f4d-e58e-4cdf-a7f2-68e77cd9c34e/resourcegroups/rbhabazure/providers/Microsoft.Search/searchServices/pactquart1"""
"b274f314-8817-4d90-b7ec-aa1d276125fa,""'audit' Policy action."",""Succeeded"",""Policy"",""Warning"",""2025-09-16T05:49:38.732Z"",""2dc73f4d-e58e-4cdf-a7f2-68e77cd9c34e"",""robert.bartlomiejski@usz.edu.pl"",""Microsoft.Search/searchServices"",""rbhabazure"",""/subscriptions/2dc73f4d-e58e-4cdf-a7f2-68e77cd9c34e/resourcegroups/rbhabazure/providers/Microsoft.Search/searchServices/pactquart1"""
"b274f314-8817-4d90-b7ec-aa1d276125fa,""'auditIfNotExists' Policy action."",""Started"",""Policy"",""Informational"",""2025-09-16T05:49:43.326Z"",""2dc73f4d-e58e-4cdf-a7f2-68e77cd9c34e"",""robert.bartlomiejski@usz.edu.pl"",""Microsoft.Search/searchServices"",""rbhabazure"",""/subscriptions/2dc73f4d-e58e-4cdf-a7f2-68e77cd9c34e/resourcegroups/rbhabazure/providers/Microsoft.Search/searchServices/pactquart1"""
"b274f314-8817-4d90-b7ec-aa1d276125fa,""Set Search Service"",""Succeeded"",""Administrative"",""Informational"",""2025-09-16T05:49:43.529Z"",""2dc73f4d-e58e-4cdf-a7f2-68e77cd9c34e"",""robert.bartlomiejski@usz.edu.pl"",""Microsoft.Search/searchServices"",""rbhabazure"",""/subscriptions/2dc73f4d-e58e-4cdf-a7f2-68e77cd9c34e/resourcegroups/rbhabazure/providers/Microsoft.Search/searchServices/pactquart1"""
"b274f314-8817-4d90-b7ec-aa1d276125fa,""Create Deployment"",""Succeeded"",""Administrative"",""Informational"",""2025-09-16T05:49:44.122Z"",""2dc73f4d-e58e-4cdf-a7f2-68e77cd9c34e"",""robert.bartlomiejski@usz.edu.pl"",""Microsoft.Resources/deployments"",""rbhabazure"",""/subscriptions/2dc73f4d-e58e-4cdf-a7f2-68e77cd9c34e/resourceGroups/rbhabazure/providers/Microsoft.Resources/deployments/Microsoft.Template-20250916074950"""
"b274f314-8817-4d90-b7ec-aa1d276125fa,""Set Search Service"",""Succeeded"",""Administrative"",""Informational"",""2025-09-16T05:59:41.711Z"",""2dc73f4d-e58e-4cdf-a7f2-68e77cd9c34e"",""robert.bartlomiejski@usz.edu.pl"",""Microsoft.Search/searchServices"",""rbhabazure"",""/subscriptions/2dc73f4d-e58e-4cdf-a7f2-68e77cd9c34e/resourcegroups/rbhabazure/providers/Microsoft.Search/searchServices/pactquart1"""
"b274f314-8817-4d90-b7ec-aa1d276125fa,""'audit' Policy action."",""Succeeded"",""Policy"",""Warning"",""2025-09-16T05:59:48.142Z"",""2dc73f4d-e58e-4cdf-a7f2-68e77cd9c34e"",""robert.bartlomiejski@usz.edu.pl"",""Microsoft.Search/searchServices"",""rbhabazure"",""/subscriptions/2dc73f4d-e58e-4cdf-a7f2-68e77cd9c34e/resourcegroups/rbhabazure/providers/Microsoft.Search/searchServices/pactquart1"""
"b274f314-8817-4d90-b7ec-aa1d276125fa,""'auditIfNotExists' Policy action."",""Succeeded"",""Policy"",""Informational"",""2025-09-16T05:59:48.142Z"",""2dc73f4d-e58e-4cdf-a7f2-68e77cd9c34e"",""robert.bartlomiejski@usz.edu.pl"",""Microsoft.Search/searchServices"",""rbhabazure"",""/subscriptions/2dc73f4d-e58e-4cdf-a7f2-68e77cd9c34e/resourcegroups/rbhabazure/providers/Microsoft.Search/searchServices/pactquart1"""
"b274f314-8817-4d90-b7ec-aa1d276125fa,""'audit' Policy action."",""Succeeded"",""Policy"",""Warning"",""2025-09-16T05:59:48.142Z"",""2dc73f4d-e58e-4cdf-a7f2-68e77cd9c34e"",""robert.bartlomiejski@usz.edu.pl"",""Microsoft.Search/searchServices"",""rbhabazure"",""/subscriptions/2dc73f4d-e58e-4cdf-a7f2-68e77cd9c34e/resourcegroups/rbhabazure/providers/Microsoft.Search/searchServices/pactquart1"""
"39baf8dc-b749-42de-b9b8-b90b3a840d17,""Validate Deployment"",""Succeeded"",""Administrative"",""Informational"",""2025-09-16T05:49:34.201Z"",""2dc73f4d-e58e-4cdf-a7f2-68e77cd9c34e"",""robert.bartlomiejski@usz.edu.pl"",""Microsoft.Resources/deployments"",""rbhabazure"",""/subscriptions/2dc73f4d-e58e-4cdf-a7f2-68e77cd9c34e/resourceGroups/rbhabazure/providers/Microsoft.Resources/deployments/Microsoft.Template-20250916074950"""
"39baf8dc-b749-42de-b9b8-b90b3a840d17,""Validate Deployment"",""Started"",""Administrative"",""Informational"",""2025-09-16T05:49:32.372Z"",""2dc73f4d-e58e-4cdf-a7f2-68e77cd9c34e"",""robert.bartlomiejski@usz.edu.pl"",""Microsoft.Resources/deployments"",""rbhabazure"",""/subscriptions/2dc73f4d-e58e-4cdf-a7f2-68e77cd9c34e/resourceGroups/rbhabazure/providers/Microsoft.Resources/deployments/Microsoft.Template-20250916074950"""
"545f5c4e-895f-47b6-bbb2-c50505b8266a,""Register the Search Resource Provider"",""Succeeded"",""Administrative"",""Informational"",""2025-09-16T05:49:26.098Z"",""2dc73f4d-e58e-4cdf-a7f2-68e77cd9c34e"",""robert.bartlomiejski@usz.edu.pl"","""","""",""/subscriptions/2dc73f4d-e58e-4cdf-a7f2-68e77cd9c34e/providers/microsoft.search"""
"545f5c4e-895f-47b6-bbb2-c50505b8266a,""Register the Search Resource Provider"",""Started"",""Administrative"",""Informational"",""2025-09-16T05:49:26.051Z"",""2dc73f4d-e58e-4cdf-a7f2-68e77cd9c34e"",""robert.bartlomiejski@usz.edu.pl"","""","""",""/subscriptions/2dc73f4d-e58e-4cdf-a7f2-68e77cd9c34e/providers/microsoft.search"""
"1f63a6b7-20f6-4acd-9e71-639673f1ad9a,""Validate Deployment"",""Succeeded"",""Administrative"",""Informational"",""2025-09-16T05:49:17.080Z"",""2dc73f4d-e58e-4cdf-a7f2-68e77cd9c34e"",""robert.bartlomiejski@usz.edu.pl"",""Microsoft.Resources/deployments"",""rbhabazure"",""/subscriptions/2dc73f4d-e58e-4cdf-a7f2-68e77cd9c34e/resourceGroups/rbhabazure/providers/Microsoft.Resources/deployments/Microsoft.Template-20250916074924"""
"1f63a6b7-20f6-4acd-9e71-639673f1ad9a,""Validate Deployment"",""Started"",""Administrative"",""Informational"",""2025-09-16T05:49:14.611Z"",""2dc73f4d-e58e-4cdf-a7f2-68e77cd9c34e"",""robert.bartlomiejski@usz.edu.pl"",""Microsoft.Resources/deployments"",""rbhabazure"",""/subscriptions/2dc73f4d-e58e-4cdf-a7f2-68e77cd9c34e/resourceGroups/rbhabazure/providers/Microsoft.Resources/deployments/Microsoft.Template-20250916074924"""
"7df6d4ba-b2f7-406c-8b81-388cb7fc5c1f,""Register the Search Resource Provider"",""Succeeded"",""Administrative"",""Informational"",""2025-09-16T05:49:00.140Z"",""2dc73f4d-e58e-4cdf-a7f2-68e77cd9c34e"",""robert.bartlomiejski@usz.edu.pl"","""","""",""/subscriptions/2dc73f4d-e58e-4cdf-a7f2-68e77cd9c34e/providers/microsoft.search"""
"7df6d4ba-b2f7-406c-8b81-388cb7fc5c1f,""Register the Search Resource Provider"",""Started"",""Administrative"",""Informational"",""2025-09-16T05:49:00.077Z"",""2dc73f4d-e58e-4cdf-a7f2-68e77cd9c34e"",""robert.bartlomiejski@usz.edu.pl"","""","""",""/subscriptions/2dc73f4d-e58e-4cdf-a7f2-68e77cd9c34e/providers/microsoft.search"""
"8a4bb03f-9cb3-459c-a8c9-918abe6118a2,""Check Service Name Availability"",""Succeeded"",""Administrative"",""Informational"",""2025-09-16T05:46:46.352Z"",""2dc73f4d-e58e-4cdf-a7f2-68e77cd9c34e"",""robert.bartlomiejski@usz.edu.pl"","""","""",""/subscriptions/2dc73f4d-e58e-4cdf-a7f2-68e77cd9c34e/providers/Microsoft.Search"""
"8a4bb03f-9cb3-459c-a8c9-918abe6118a2,""Check Service Name Availability"",""Started"",""Administrative"",""Informational"",""2025-09-16T05:46:45.380Z"",""2dc73f4d-e58e-4cdf-a7f2-68e77cd9c34e"",""robert.bartlomiejski@usz.edu.pl"","""","""",""/subscriptions/2dc73f4d-e58e-4cdf-a7f2-68e77cd9c34e/providers/Microsoft.Search"""
"8a4bb03f-9cb3-459c-a8c9-918abe6118a2,""Check Service Name Availability"",""Started"",""Administrative"",""Informational"",""2025-09-16T05:46:45.403Z"",""2dc73f4d-e58e-4cdf-a7f2-68e77cd9c34e"",""robert.bartlomiejski@usz.edu.pl"","""","""",""/subscriptions/2dc73f4d-e58e-4cdf-a7f2-68e77cd9c34e/providers/Microsoft.Search"""
"8a4bb03f-9cb3-459c-a8c9-918abe6118a2,""Check Service Name Availability"",""Succeeded"",""Administrative"",""Informational"",""2025-09-16T05:46:46.224Z"",""2dc73f4d-e58e-4cdf-a7f2-68e77cd9c34e"",""robert.bartlomiejski@usz.edu.pl"","""","""",""/subscriptions/2dc73f4d-e58e-4cdf-a7f2-68e77cd9c34e/providers/Microsoft.Search"""
"1d5b6279-0cf0-4372-be02-ec29d5f14169,""Check Service Name Availability"",""Succeeded"",""Administrative"",""Informational"",""2025-09-16T05:46:46.038Z"",""2dc73f4d-e58e-4cdf-a7f2-68e77cd9c34e"",""robert.bartlomiejski@usz.edu.pl"","""","""",""/subscriptions/2dc73f4d-e58e-4cdf-a7f2-68e77cd9c34e/providers/Microsoft.Search"""
"1d5b6279-0cf0-4372-be02-ec29d5f14169,""Check Service Name Availability"",""Started"",""Administrative"",""Informational"",""2025-09-16T05:46:45.099Z"",""2dc73f4d-e58e-4cdf-a7f2-68e77cd9c34e"",""robert.bartlomiejski@usz.edu.pl"","""","""",""/subscriptions/2dc73f4d-e58e-4cdf-a7f2-68e77cd9c34e/providers/Microsoft.Search"""
"1d5b6279-0cf0-4372-be02-ec29d5f14169,""Check Service Name Availability"",""Started"",""Administrative"",""Informational"",""2025-09-16T05:46:45.100Z"",""2dc73f4d-e58e-4cdf-a7f2-68e77cd9c34e"",""robert.bartlomiejski@usz.edu.pl"","""","""",""/subscriptions/2dc73f4d-e58e-4cdf-a7f2-68e77cd9c34e/providers/Microsoft.Search"""
"1d5b6279-0cf0-4372-be02-ec29d5f14169,""Check Service Name Availability"",""Succeeded"",""Administrative"",""Informational"",""2025-09-16T05:46:46.021Z"",""2dc73f4d-e58e-4cdf-a7f2-68e77cd9c34e"",""robert.bartlomiejski@usz.edu.pl"","""","""",""/subscriptions/2dc73f4d-e58e-4cdf-a7f2-68e77cd9c34e/providers/Microsoft.Search"""
"f4a1ddef-fa0f-4279-ab00-84cc3e9da5b6,""Check Service Name Availability"",""Succeeded"",""Administrative"",""Informational"",""2025-09-16T05:46:45.542Z"",""2dc73f4d-e58e-4cdf-a7f2-68e77cd9c34e"",""robert.bartlomiejski@usz.edu.pl"","""","""",""/subscriptions/2dc73f4d-e58e-4cdf-a7f2-68e77cd9c34e/providers/Microsoft.Search"""
"f4a1ddef-fa0f-4279-ab00-84cc3e9da5b6,""Check Service Name Availability"",""Started"",""Administrative"",""Informational"",""2025-09-16T05:46:44.373Z"",""2dc73f4d-e58e-4cdf-a7f2-68e77cd9c34e"",""robert.bartlomiejski@usz.edu.pl"","""","""",""/subscriptions/2dc73f4d-e58e-4cdf-a7f2-68e77cd9c34e/providers/Microsoft.Search"""
"f4a1ddef-fa0f-4279-ab00-84cc3e9da5b6,""Check Service Name Availability"",""Started"",""Administrative"",""Informational"",""2025-09-16T05:46:44.714Z"",""2dc73f4d-e58e-4cdf-a7f2-68e77cd9c34e"",""robert.bartlomiejski@usz.edu.pl"","""","""",""/subscriptions/2dc73f4d-e58e-4cdf-a7f2-68e77cd9c34e/providers/Microsoft.Search"""
"f4a1ddef-fa0f-4279-ab00-84cc3e9da5b6,""Check Service Name Availability"",""Succeeded"",""Administrative"",""Informational"",""2025-09-16T05:46:44.779Z"",""2dc73f4d-e58e-4cdf-a7f2-68e77cd9c34e"",""robert.bartlomiejski@usz.edu.pl"","""","""",""/subscriptions/2dc73f4d-e58e-4cdf-a7f2-68e77cd9c34e/providers/Microsoft.Search"""
"ec336e69-ee40-41a2-98e1-1068e273212e,""Check Service Name Availability"",""Succeeded"",""Administrative"",""Informational"",""2025-09-16T05:46:45.073Z"",""2dc73f4d-e58e-4cdf-a7f2-68e77cd9c34e"",""robert.bartlomiejski@usz.edu.pl"","""","""",""/subscriptions/2dc73f4d-e58e-4cdf-a7f2-68e77cd9c34e/providers/Microsoft.Search"""
"ec336e69-ee40-41a2-98e1-1068e273212e,""Check Service Name Availability"",""Started"",""Administrative"",""Informational"",""2025-09-16T05:46:44.168Z"",""2dc73f4d-e58e-4cdf-a7f2-68e77cd9c34e"",""robert.bartlomiejski@usz.edu.pl"","""","""",""/subscriptions/2dc73f4d-e58e-4cdf-a7f2-68e77cd9c34e/providers/Microsoft.Search"""
"ec336e69-ee40-41a2-98e1-1068e273212e,""Check Service Name Availability"",""Started"",""Administrative"",""Informational"",""2025-09-16T05:46:44.276Z"",""2dc73f4d-e58e-4cdf-a7f2-68e77cd9c34e"",""robert.bartlomiejski@usz.edu.pl"","""","""",""/subscriptions/2dc73f4d-e58e-4cdf-a7f2-68e77cd9c34e/providers/Microsoft.Search"""
"ec336e69-ee40-41a2-98e1-1068e273212e,""Check Service Name Availability"",""Succeeded"",""Administrative"",""Informational"",""2025-09-16T05:46:45.012Z"",""2dc73f4d-e58e-4cdf-a7f2-68e77cd9c34e"",""robert.bartlomiejski@usz.edu.pl"","""","""",""/subscriptions/2dc73f4d-e58e-4cdf-a7f2-68e77cd9c34e/providers/Microsoft.Search"""
"37ca5fca-7d72-46a3-94ad-8fe6b7f90fa7,""Check Service Name Availability"",""Succeeded"",""Administrative"",""Informational"",""2025-09-16T05:46:44.057Z"",""2dc73f4d-e58e-4cdf-a7f2-68e77cd9c34e"",""robert.bartlomiejski@usz.edu.pl"","""","""",""/subscriptions/2dc73f4d-e58e-4cdf-a7f2-68e77cd9c34e/providers/Microsoft.Search"""
"37ca5fca-7d72-46a3-94ad-8fe6b7f90fa7,""Check Service Name Availability"",""Started"",""Administrative"",""Informational"",""2025-09-16T05:46:43.180Z"",""2dc73f4d-e58e-4cdf-a7f2-68e77cd9c34e"",""robert.bartlomiejski@usz.edu.pl"","""","""",""/subscriptions/2dc73f4d-e58e-4cdf-a7f2-68e77cd9c34e/providers/Microsoft.Search"""
"37ca5fca-7d72-46a3-94ad-8fe6b7f90fa7,""Check Service Name Availability"",""Started"",""Administrative"",""Informational"",""2025-09-16T05:46:43.229Z"",""2dc73f4d-e58e-4cdf-a7f2-68e77cd9c34e"",""robert.bartlomiejski@usz.edu.pl"","""","""",""/subscriptions/2dc73f4d-e58e-4cdf-a7f2-68e77cd9c34e/providers/Microsoft.Search"""
"37ca5fca-7d72-46a3-94ad-8fe6b7f90fa7,""Check Service Name Availability"",""Succeeded"",""Administrative"",""Informational"",""2025-09-16T05:46:44.040Z"",""2dc73f4d-e58e-4cdf-a7f2-68e77cd9c34e"",""robert.bartlomiejski@usz.edu.pl"","""","""",""/subscriptions/2dc73f4d-e58e-4cdf-a7f2-68e77cd9c34e/providers/Microsoft.Search"""
"9665fa13-72e8-4950-9e20-fb48754dfa50,""Check Service Name Availability"",""Succeeded"",""Administrative"",""Informational"",""2025-09-16T05:46:43.617Z"",""2dc73f4d-e58e-4cdf-a7f2-68e77cd9c34e"",""robert.bartlomiejski@usz.edu.pl"","""","""",""/subscriptions/2dc73f4d-e58e-4cdf-a7f2-68e77cd9c34e/providers/Microsoft.Search"""
"9665fa13-72e8-4950-9e20-fb48754dfa50,""Check Service Name Availability"",""Started"",""Administrative"",""Informational"",""2025-09-16T05:46:42.276Z"",""2dc73f4d-e58e-4cdf-a7f2-68e77cd9c34e"",""robert.bartlomiejski@usz.edu.pl"","""","""",""/subscriptions/2dc73f4d-e58e-4cdf-a7f2-68e77cd9c34e/providers/Microsoft.Search"""
"9665fa13-72e8-4950-9e20-fb48754dfa50,""Check Service Name Availability"",""Started"",""Administrative"",""Informational"",""2025-09-16T05:46:42.695Z"",""2dc73f4d-e58e-4cdf-a7f2-68e77cd9c34e"",""robert.bartlomiejski@usz.edu.pl"","""","""",""/subscriptions/2dc73f4d-e58e-4cdf-a7f2-68e77cd9c34e/providers/Microsoft.Search"""
"9665fa13-72e8-4950-9e20-fb48754dfa50,""Check Service Name Availability"",""Succeeded"",""Administrative"",""Informational"",""2025-09-16T05:46:43.058Z"",""2dc73f4d-e58e-4cdf-a7f2-68e77cd9c34e"",""robert.bartlomiejski@usz.edu.pl"","""","""",""/subscriptions/2dc73f4d-e58e-4cdf-a7f2-68e77cd9c34e/providers/Microsoft.Search"""
"bfc2fb36-f469-45ff-acc8-d3aa53d2e8be,""Check Service Name Availability"",""Succeeded"",""Administrative"",""Informational"",""2025-09-16T05:46:43.331Z"",""2dc73f4d-e58e-4cdf-a7f2-68e77cd9c34e"",""robert.bartlomiejski@usz.edu.pl"","""","""",""/subscriptions/2dc73f4d-e58e-4cdf-a7f2-68e77cd9c34e/providers/Microsoft.Search"""
"bfc2fb36-f469-45ff-acc8-d3aa53d2e8be,""Check Service Name Availability"",""Started"",""Administrative"",""Informational"",""2025-09-16T05:46:42.058Z"",""2dc73f4d-e58e-4cdf-a7f2-68e77cd9c34e"",""robert.bartlomiejski@usz.edu.pl"","""","""",""/subscriptions/2dc73f4d-e58e-4cdf-a7f2-68e77cd9c34e/providers/Microsoft.Search"""
"bfc2fb36-f469-45ff-acc8-d3aa53d2e8be,""Check Service Name Availability"",""Started"",""Administrative"",""Informational"",""2025-09-16T05:46:42.222Z"",""2dc73f4d-e58e-4cdf-a7f2-68e77cd9c34e"",""robert.bartlomiejski@usz.edu.pl"","""","""",""/subscriptions/2dc73f4d-e58e-4cdf-a7f2-68e77cd9c34e/providers/Microsoft.Search"""
"bfc2fb36-f469-45ff-acc8-d3aa53d2e8be,""Check Service Name Availability"",""Succeeded"",""Administrative"",""Informational"",""2025-09-16T05:46:42.355Z"",""2dc73f4d-e58e-4cdf-a7f2-68e77cd9c34e"",""robert.bartlomiejski@usz.edu.pl"","""","""",""/subscriptions/2dc73f4d-e58e-4cdf-a7f2-68e77cd9c34e/providers/Microsoft.Search"""
"de4fda41-5292-4456-825b-cc4ee5ff77ce,""Check Service Name Availability"",""Succeeded"",""Administrative"",""Informational"",""2025-09-16T05:46:42.753Z"",""2dc73f4d-e58e-4cdf-a7f2-68e77cd9c34e"",""robert.bartlomiejski@usz.edu.pl"","""","""",""/subscriptions/2dc73f4d-e58e-4cdf-a7f2-68e77cd9c34e/providers/Microsoft.Search"""
"de4fda41-5292-4456-825b-cc4ee5ff77ce,""Check Service Name Availability"",""Started"",""Administrative"",""Informational"",""2025-09-16T05:46:41.566Z"",""2dc73f4d-e58e-4cdf-a7f2-68e77cd9c34e"",""robert.bartlomiejski@usz.edu.pl"","""","""",""/subscriptions/2dc73f4d-e58e-4cdf-a7f2-68e77cd9c34e/providers/Microsoft.Search"""
"de4fda41-5292-4456-825b-cc4ee5ff77ce,""Check Service Name Availability"",""Started"",""Administrative"",""Informational"",""2025-09-16T05:46:41.675Z"",""2dc73f4d-e58e-4cdf-a7f2-68e77cd9c34e"",""robert.bartlomiejski@usz.edu.pl"","""","""",""/subscriptions/2dc73f4d-e58e-4cdf-a7f2-68e77cd9c34e/providers/Microsoft.Search"""
"de4fda41-5292-4456-825b-cc4ee5ff77ce,""Check Service Name Availability"",""Succeeded"",""Administrative"",""Informational"",""2025-09-16T05:46:42.457Z"",""2dc73f4d-e58e-4cdf-a7f2-68e77cd9c34e"",""robert.bartlomiejski@usz.edu.pl"","""","""",""/subscriptions/2dc73f4d-e58e-4cdf-a7f2-68e77cd9c34e/providers/Microsoft.Search"""
"ba3872d1-d6c1-4539-8fc7-0f85de5413f4,""Check Service Name Availability"",""Succeeded"",""Administrative"",""Informational"",""2025-09-16T05:46:42.089Z"",""2dc73f4d-e58e-4cdf-a7f2-68e77cd9c34e"",""robert.bartlomiejski@usz.edu.pl"","""","""",""/subscriptions/2dc73f4d-e58e-4cdf-a7f2-68e77cd9c34e/providers/Microsoft.Search"""
"ba3872d1-d6c1-4539-8fc7-0f85de5413f4,""Check Service Name Availability"",""Started"",""Administrative"",""Informational"",""2025-09-16T05:46:41.232Z"",""2dc73f4d-e58e-4cdf-a7f2-68e77cd9c34e"",""robert.bartlomiejski@usz.edu.pl"","""","""",""/subscriptions/2dc73f4d-e58e-4cdf-a7f2-68e77cd9c34e/providers/Microsoft.Search"""
"ba3872d1-d6c1-4539-8fc7-0f85de5413f4,""Check Service Name Availability"",""Started"",""Administrative"",""Informational"",""2025-09-16T05:46:41.292Z"",""2dc73f4d-e58e-4cdf-a7f2-68e77cd9c34e"",""robert.bartlomiejski@usz.edu.pl"","""","""",""/subscriptions/2dc73f4d-e58e-4cdf-a7f2-68e77cd9c34e/providers/Microsoft.Search"""
"ba3872d1-d6c1-4539-8fc7-0f85de5413f4,""Check Service Name Availability"",""Succeeded"",""Administrative"",""Informational"",""2025-09-16T05:46:42.060Z"",""2dc73f4d-e58e-4cdf-a7f2-68e77cd9c34e"",""robert.bartlomiejski@usz.edu.pl"","""","""",""/subscriptions/2dc73f4d-e58e-4cdf-a7f2-68e77cd9c34e/providers/Microsoft.Search"""
"01f77755-7afc-4f6f-9db2-3afe53cc0a2b,""Check Service Name Availability"",""Succeeded"",""Administrative"",""Informational"",""2025-09-16T05:46:41.711Z"",""2dc73f4d-e58e-4cdf-a7f2-68e77cd9c34e"",""robert.bartlomiejski@usz.edu.pl"","""","""",""/subscriptions/2dc73f4d-e58e-4cdf-a7f2-68e77cd9c34e/providers/Microsoft.Search"""
"01f77755-7afc-4f6f-9db2-3afe53cc0a2b,""Check Service Name Availability"",""Started"",""Administrative"",""Informational"",""2025-09-16T05:46:40.851Z"",""2dc73f4d-e58e-4cdf-a7f2-68e77cd9c34e"",""robert.bartlomiejski@usz.edu.pl"","""","""",""/subscriptions/2dc73f4d-e58e-4cdf-a7f2-68e77cd9c34e/providers/Microsoft.Search"""
"01f77755-7afc-4f6f-9db2-3afe53cc0a2b,""Check Service Name Availability"",""Started"",""Administrative"",""Informational"",""2025-09-16T05:46:40.860Z"",""2dc73f4d-e58e-4cdf-a7f2-68e77cd9c34e"",""robert.bartlomiejski@usz.edu.pl"","""","""",""/subscriptions/2dc73f4d-e58e-4cdf-a7f2-68e77cd9c34e/providers/Microsoft.Search"""
"01f77755-7afc-4f6f-9db2-3afe53cc0a2b,""Check Service Name Availability"",""Succeeded"",""Administrative"",""Informational"",""2025-09-16T05:46:41.219Z"",""2dc73f4d-e58e-4cdf-a7f2-68e77cd9c34e"",""robert.bartlomiejski@usz.edu.pl"","""","""",""/subscriptions/2dc73f4d-e58e-4cdf-a7f2-68e77cd9c34e/providers/Microsoft.Search"""
"58d63633-074d-4fd4-9b4d-177e018b4393,""Check Service Name Availability"",""Succeeded"",""Administrative"",""Informational"",""2025-09-16T05:46:41.605Z"",""2dc73f4d-e58e-4cdf-a7f2-68e77cd9c34e"",""robert.bartlomiejski@usz.edu.pl"","""","""",""/subscriptions/2dc73f4d-e58e-4cdf-a7f2-68e77cd9c34e/providers/Microsoft.Search"""
"58d63633-074d-4fd4-9b4d-177e018b4393,""Check Service Name Availability"",""Started"",""Administrative"",""Informational"",""2025-09-16T05:46:40.666Z"",""2dc73f4d-e58e-4cdf-a7f2-68e77cd9c34e"",""robert.bartlomiejski@usz.edu.pl"","""","""",""/subscriptions/2dc73f4d-e58e-4cdf-a7f2-68e77cd9c34e/providers/Microsoft.Search"""
"58d63633-074d-4fd4-9b4d-177e018b4393,""Check Service Name Availability"",""Started"",""Administrative"",""Informational"",""2025-09-16T05:46:40.746Z"",""2dc73f4d-e58e-4cdf-a7f2-68e77cd9c34e"",""robert.bartlomiejski@usz.edu.pl"","""","""",""/subscriptions/2dc73f4d-e58e-4cdf-a7f2-68e77cd9c34e/providers/Microsoft.Search"""
"58d63633-074d-4fd4-9b4d-177e018b4393,""Check Service Name Availability"",""Succeeded"",""Administrative"",""Informational"",""2025-09-16T05:46:41.541Z"",""2dc73f4d-e58e-4cdf-a7f2-68e77cd9c34e"",""robert.bartlomiejski@usz.edu.pl"","""","""",""/subscriptions/2dc73f4d-e58e-4cdf-a7f2-68e77cd9c34e/providers/Microsoft.Search"""
"300c52cd-5768-495d-ac0d-f489d91144fc,""Check Service Name Availability"",""Succeeded"",""Administrative"",""Informational"",""2025-09-16T05:46:41.245Z"",""2dc73f4d-e58e-4cdf-a7f2-68e77cd9c34e"",""robert.bartlomiejski@usz.edu.pl"","""","""",""/subscriptions/2dc73f4d-e58e-4cdf-a7f2-68e77cd9c34e/providers/Microsoft.Search"""
"300c52cd-5768-495d-ac0d-f489d91144fc,""Check Service Name Availability"",""Started"",""Administrative"",""Informational"",""2025-09-16T05:46:40.388Z"",""2dc73f4d-e58e-4cdf-a7f2-68e77cd9c34e"",""robert.bartlomiejski@usz.edu.pl"","""","""",""/subscriptions/2dc73f4d-e58e-4cdf-a7f2-68e77cd9c34e/providers/Microsoft.Search"""
"300c52cd-5768-495d-ac0d-f489d91144fc,""Check Service Name Availability"",""Started"",""Administrative"",""Informational"",""2025-09-16T05:46:40.526Z"",""2dc73f4d-e58e-4cdf-a7f2-68e77cd9c34e"",""robert.bartlomiejski@usz.edu.pl"","""","""",""/subscriptions/2dc73f4d-e58e-4cdf-a7f2-68e77cd9c34e/providers/Microsoft.Search"""
"300c52cd-5768-495d-ac0d-f489d91144fc,""Check Service Name Availability"",""Succeeded"",""Administrative"",""Informational"",""2025-09-16T05:46:41.201Z"",""2dc73f4d-e58e-4cdf-a7f2-68e77cd9c34e"",""robert.bartlomiejski@usz.edu.pl"","""","""",""/subscriptions/2dc73f4d-e58e-4cdf-a7f2-68e77cd9c34e/providers/Microsoft.Search"""
"575ca54a-9615-4c2d-825c-4be52ebc4d87,""Check Service Name Availability"",""Succeeded"",""Administrative"",""Informational"",""2025-09-16T05:46:40.497Z"",""2dc73f4d-e58e-4cdf-a7f2-68e77cd9c34e"",""robert.bartlomiejski@usz.edu.pl"","""","""",""/subscriptions/2dc73f4d-e58e-4cdf-a7f2-68e77cd9c34e/providers/Microsoft.Search"""
"575ca54a-9615-4c2d-825c-4be52ebc4d87,""Check Service Name Availability"",""Started"",""Administrative"",""Informational"",""2025-09-16T05:46:39.841Z"",""2dc73f4d-e58e-4cdf-a7f2-68e77cd9c34e"",""robert.bartlomiejski@usz.edu.pl"","""","""",""/subscriptions/2dc73f4d-e58e-4cdf-a7f2-68e77cd9c34e/providers/Microsoft.Search"""
"2fc7450d-dfc4-4fde-a11a-0e27b479f349,""Check Service Name Availability"",""Succeeded"",""Administrative"",""Informational"",""2025-09-16T05:46:40.404Z"",""2dc73f4d-e58e-4cdf-a7f2-68e77cd9c34e"",""robert.bartlomiejski@usz.edu.pl"","""","""",""/subscriptions/2dc73f4d-e58e-4cdf-a7f2-68e77cd9c34e/providers/Microsoft.Search"""
"2fc7450d-dfc4-4fde-a11a-0e27b479f349,""Check Service Name Availability"",""Started"",""Administrative"",""Informational"",""2025-09-16T05:46:39.581Z"",""2dc73f4d-e58e-4cdf-a7f2-68e77cd9c34e"",""robert.bartlomiejski@usz.edu.pl"","""","""",""/subscriptions/2dc73f4d-e58e-4cdf-a7f2-68e77cd9c34e/providers/Microsoft.Search"""
"2fc7450d-dfc4-4fde-a11a-0e27b479f349,""Check Service Name Availability"",""Started"",""Administrative"",""Informational"",""2025-09-16T05:46:39.701Z"",""2dc73f4d-e58e-4cdf-a7f2-68e77cd9c34e"",""robert.bartlomiejski@usz.edu.pl"","""","""",""/subscriptions/2dc73f4d-e58e-4cdf-a7f2-68e77cd9c34e/providers/Microsoft.Search"""
"2fc7450d-dfc4-4fde-a11a-0e27b479f349,""Check Service Name Availability"",""Succeeded"",""Administrative"",""Informational"",""2025-09-16T05:46:40.221Z"",""2dc73f4d-e58e-4cdf-a7f2-68e77cd9c34e"",""robert.bartlomiejski@usz.edu.pl"","""","""",""/subscriptions/2dc73f4d-e58e-4cdf-a7f2-68e77cd9c34e/providers/Microsoft.Search"""
"647d306e-4c95-420b-99a2-e22a84bed05a,""Check Service Name Availability"",""Succeeded"",""Administrative"",""Informational"",""2025-09-16T05:46:39.968Z"",""2dc73f4d-e58e-4cdf-a7f2-68e77cd9c34e"",""robert.bartlomiejski@usz.edu.pl"","""","""",""/subscriptions/2dc73f4d-e58e-4cdf-a7f2-68e77cd9c34e/providers/Microsoft.Search"""
"647d306e-4c95-420b-99a2-e22a84bed05a,""Check Service Name Availability"",""Started"",""Administrative"",""Informational"",""2025-09-16T05:46:39.055Z"",""2dc73f4d-e58e-4cdf-a7f2-68e77cd9c34e"",""robert.bartlomiejski@usz.edu.pl"","""","""",""/subscriptions/2dc73f4d-e58e-4cdf-a7f2-68e77cd9c34e/providers/Microsoft.Search"""
"647d306e-4c95-420b-99a2-e22a84bed05a,""Check Service Name Availability"",""Succeeded"",""Administrative"",""Informational"",""2025-09-16T05:46:39.243Z"",""2dc73f4d-e58e-4cdf-a7f2-68e77cd9c34e"",""robert.bartlomiejski@usz.edu.pl"","""","""",""/subscriptions/2dc73f4d-e58e-4cdf-a7f2-68e77cd9c34e/providers/Microsoft.Search"""
"647d306e-4c95-420b-99a2-e22a84bed05a,""Check Service Name Availability"",""Started"",""Administrative"",""Informational"",""2025-09-16T05:46:39.267Z"",""2dc73f4d-e58e-4cdf-a7f2-68e77cd9c34e"",""robert.bartlomiejski@usz.edu.pl"","""","""",""/subscriptions/2dc73f4d-e58e-4cdf-a7f2-68e77cd9c34e/providers/Microsoft.Search"""
"647d306e-4c95-420b-99a2-e22a84bed05a,""Check Service Name Availability"",""Started"",""Administrative"",""Informational"",""2025-09-16T05:46:39.280Z"",""2dc73f4d-e58e-4cdf-a7f2-68e77cd9c34e"",""robert.bartlomiejski@usz.edu.pl"","""","""",""/subscriptions/2dc73f4d-e58e-4cdf-a7f2-68e77cd9c34e/providers/Microsoft.Search"""
"647d306e-4c95-420b-99a2-e22a84bed05a,""Check Service Name Availability"",""Started"",""Administrative"",""Informational"",""2025-09-16T05:46:39.287Z"",""2dc73f4d-e58e-4cdf-a7f2-68e77cd9c34e"",""robert.bartlomiejski@usz.edu.pl"","""","""",""/subscriptions/2dc73f4d-e58e-4cdf-a7f2-68e77cd9c34e/providers/Microsoft.Search"""
"647d306e-4c95-420b-99a2-e22a84bed05a,""Check Service Name Availability"",""Succeeded"",""Administrative"",""Informational"",""2025-09-16T05:46:39.938Z"",""2dc73f4d-e58e-4cdf-a7f2-68e77cd9c34e"",""robert.bartlomiejski@usz.edu.pl"","""","""",""/subscriptions/2dc73f4d-e58e-4cdf-a7f2-68e77cd9c34e/providers/Microsoft.Search"""
"647d306e-4c95-420b-99a2-e22a84bed05a,""Check Service Name Availability"",""Succeeded"",""Administrative"",""Informational"",""2025-09-16T05:46:39.943Z"",""2dc73f4d-e58e-4cdf-a7f2-68e77cd9c34e"",""robert.bartlomiejski@usz.edu.pl"","""","""",""/subscriptions/2dc73f4d-e58e-4cdf-a7f2-68e77cd9c34e/providers/Microsoft.Search"""
"214e8b5a-eed1-427b-a65c-f41587ecc36c,""Check Service Name Availability"",""Succeeded"",""Administrative"",""Informational"",""2025-09-16T05:46:38.596Z"",""2dc73f4d-e58e-4cdf-a7f2-68e77cd9c34e"",""robert.bartlomiejski@usz.edu.pl"","""","""",""/subscriptions/2dc73f4d-e58e-4cdf-a7f2-68e77cd9c34e/providers/Microsoft.Search"""
"214e8b5a-eed1-427b-a65c-f41587ecc36c,""Check Service Name Availability"",""Started"",""Administrative"",""Informational"",""2025-09-16T05:46:37.806Z"",""2dc73f4d-e58e-4cdf-a7f2-68e77cd9c34e"",""robert.bartlomiejski@usz.edu.pl"","""","""",""/subscriptions/2dc73f4d-e58e-4cdf-a7f2-68e77cd9c34e/providers/Microsoft.Search"""
"214e8b5a-eed1-427b-a65c-f41587ecc36c,""Check Service Name Availability"",""Started"",""Administrative"",""Informational"",""2025-09-16T05:46:37.878Z"",""2dc73f4d-e58e-4cdf-a7f2-68e77cd9c34e"",""robert.bartlomiejski@usz.edu.pl"","""","""",""/subscriptions/2dc73f4d-e58e-4cdf-a7f2-68e77cd9c34e/providers/Microsoft.Search"""
"214e8b5a-eed1-427b-a65c-f41587ecc36c,""Check Service Name Availability"",""Succeeded"",""Administrative"",""Informational"",""2025-09-16T05:46:38.494Z"",""2dc73f4d-e58e-4cdf-a7f2-68e77cd9c34e"",""robert.bartlomiejski@usz.edu.pl"","""","""",""/subscriptions/2dc73f4d-e58e-4cdf-a7f2-68e77cd9c34e/providers/Microsoft.Search"""
"9a279088-63fb-4281-8ff5-e1da4f3ec629,""Check Service Name Availability"",""Succeeded"",""Administrative"",""Informational"",""2025-09-16T05:46:37.805Z"",""2dc73f4d-e58e-4cdf-a7f2-68e77cd9c34e"",""robert.bartlomiejski@usz.edu.pl"","""","""",""/subscriptions/2dc73f4d-e58e-4cdf-a7f2-68e77cd9c34e/providers/Microsoft.Search"""
"9a279088-63fb-4281-8ff5-e1da4f3ec629,""Check Service Name Availability"",""Started"",""Administrative"",""Informational"",""2025-09-16T05:46:37.133Z"",""2dc73f4d-e58e-4cdf-a7f2-68e77cd9c34e"",""robert.bartlomiejski@usz.edu.pl"","""","""",""/subscriptions/2dc73f4d-e58e-4cdf-a7f2-68e77cd9c34e/providers/Microsoft.Search"""
"9a279088-63fb-4281-8ff5-e1da4f3ec629,""Check Service Name Availability"",""Started"",""Administrative"",""Informational"",""2025-09-16T05:46:37.223Z"",""2dc73f4d-e58e-4cdf-a7f2-68e77cd9c34e"",""robert.bartlomiejski@usz.edu.pl"","""","""",""/subscriptions/2dc73f4d-e58e-4cdf-a7f2-68e77cd9c34e/providers/Microsoft.Search"""
"9a279088-63fb-4281-8ff5-e1da4f3ec629,""Check Service Name Availability"",""Succeeded"",""Administrative"",""Informational"",""2025-09-16T05:46:37.410Z"",""2dc73f4d-e58e-4cdf-a7f2-68e77cd9c34e"",""robert.bartlomiejski@usz.edu.pl"","""","""",""/subscriptions/2dc73f4d-e58e-4cdf-a7f2-68e77cd9c34e/providers/Microsoft.Search"""
"b450cfd9-f174-4690-ab9b-4c99ce622d3a,""Check Service Name Availability"",""Succeeded"",""Administrative"",""Informational"",""2025-09-16T05:46:37.564Z"",""2dc73f4d-e58e-4cdf-a7f2-68e77cd9c34e"",""robert.bartlomiejski@usz.edu.pl"","""","""",""/subscriptions/2dc73f4d-e58e-4cdf-a7f2-68e77cd9c34e/providers/Microsoft.Search"""
"b450cfd9-f174-4690-ab9b-4c99ce622d3a,""Check Service Name Availability"",""Started"",""Administrative"",""Informational"",""2025-09-16T05:46:36.826Z"",""2dc73f4d-e58e-4cdf-a7f2-68e77cd9c34e"",""robert.bartlomiejski@usz.edu.pl"","""","""",""/subscriptions/2dc73f4d-e58e-4cdf-a7f2-68e77cd9c34e/providers/Microsoft.Search"""
"b450cfd9-f174-4690-ab9b-4c99ce622d3a,""Check Service Name Availability"",""Started"",""Administrative"",""Informational"",""2025-09-16T05:46:36.893Z"",""2dc73f4d-e58e-4cdf-a7f2-68e77cd9c34e"",""robert.bartlomiejski@usz.edu.pl"","""","""",""/subscriptions/2dc73f4d-e58e-4cdf-a7f2-68e77cd9c34e/providers/Microsoft.Search"""
"b450cfd9-f174-4690-ab9b-4c99ce622d3a,""Check Service Name Availability"",""Succeeded"",""Administrative"",""Informational"",""2025-09-16T05:46:37.498Z"",""2dc73f4d-e58e-4cdf-a7f2-68e77cd9c34e"",""robert.bartlomiejski@usz.edu.pl"","""","""",""/subscriptions/2dc73f4d-e58e-4cdf-a7f2-68e77cd9c34e/providers/Microsoft.Search"""
"cddacb89-8947-4ef6-895b-46d01cb756a3,""Check Service Name Availability"",""Succeeded"",""Administrative"",""Informational"",""2025-09-16T05:46:37.291Z"",""2dc73f4d-e58e-4cdf-a7f2-68e77cd9c34e"",""robert.bartlomiejski@usz.edu.pl"","""","""",""/subscriptions/2dc73f4d-e58e-4cdf-a7f2-68e77cd9c34e/providers/Microsoft.Search"""
"cddacb89-8947-4ef6-895b-46d01cb756a3,""Check Service Name Availability"",""Started"",""Administrative"",""Informational"",""2025-09-16T05:46:36.604Z"",""2dc73f4d-e58e-4cdf-a7f2-68e77cd9c34e"",""robert.bartlomiejski@usz.edu.pl"","""","""",""/subscriptions/2dc73f4d-e58e-4cdf-a7f2-68e77cd9c34e/providers/Microsoft.Search"""
"bf61e2e2-246d-48ca-b4c8-5f0e6c1a8631,""Check Service Name Availability"",""Succeeded"",""Administrative"",""Informational"",""2025-09-16T05:46:36.405Z"",""2dc73f4d-e58e-4cdf-a7f2-68e77cd9c34e"",""robert.bartlomiejski@usz.edu.pl"","""","""",""/subscriptions/2dc73f4d-e58e-4cdf-a7f2-68e77cd9c34e/providers/Microsoft.Search"""
"bf61e2e2-246d-48ca-b4c8-5f0e6c1a8631,""Check Service Name Availability"",""Started"",""Administrative"",""Informational"",""2025-09-16T05:46:35.670Z"",""2dc73f4d-e58e-4cdf-a7f2-68e77cd9c34e"",""robert.bartlomiejski@usz.edu.pl"","""","""",""/subscriptions/2dc73f4d-e58e-4cdf-a7f2-68e77cd9c34e/providers/Microsoft.Search"""
"061e90f7-bc26-42ba-98fc-0201873f35c2,""Update resource graph queries Create"",""Failed"",""Administrative"",""Error"",""2025-09-16T05:41:59.859Z"",""2dc73f4d-e58e-4cdf-a7f2-68e77cd9c34e"",""robert.bartlomiejski@usz.edu.pl"",""Microsoft.ResourceGraph/queries"",""resource-graph-queries"",""/subscriptions/2dc73f4d-e58e-4cdf-a7f2-68e77cd9c34e/resourceGroups/resource-graph-queries/providers/Microsoft.ResourceGraph/queries/RBHAB_PACT3Query1"""
"061e90f7-bc26-42ba-98fc-0201873f35c2,""Update resource graph queries Create"",""Started"",""Administrative"",""Informational"",""2025-09-16T05:41:58.828Z"",""2dc73f4d-e58e-4cdf-a7f2-68e77cd9c34e"",""robert.bartlomiejski@usz.edu.pl"",""Microsoft.ResourceGraph/queries"",""resource-graph-queries"",""/subscriptions/2dc73f4d-e58e-4cdf-a7f2-68e77cd9c34e/resourceGroups/resource-graph-queries/providers/Microsoft.ResourceGraph/queries/RBHAB_PACT3Query1"""
"30b875ff-359f-46f6-98b2-c7ff56a6e021,""Update resource group"",""Succeeded"",""Administrative"",""Informational"",""2025-09-16T05:41:58.282Z"",""2dc73f4d-e58e-4cdf-a7f2-68e77cd9c34e"",""robert.bartlomiejski@usz.edu.pl"",""Microsoft.Resources/subscriptions/resourceGroups"",""resource-graph-queries"",""/subscriptions/2dc73f4d-e58e-4cdf-a7f2-68e77cd9c34e/resourceGroups/resource-graph-queries"""
"30b875ff-359f-46f6-98b2-c7ff56a6e021,""Update resource group"",""Started"",""Administrative"",""Informational"",""2025-09-16T05:41:57.829Z"",""2dc73f4d-e58e-4cdf-a7f2-68e77cd9c34e"",""robert.bartlomiejski@usz.edu.pl"",""Microsoft.Resources/subscriptions/resourceGroups"",""resource-graph-queries"",""/subscriptions/2dc73f4d-e58e-4cdf-a7f2-68e77cd9c34e/resourceGroups/resource-graph-queries"""
"be6f23c3-5b8f-4646-a529-8ceb295c4118,""Update resource graph queries Create"",""Failed"",""Administrative"",""Error"",""2025-09-16T05:41:45.141Z"",""2dc73f4d-e58e-4cdf-a7f2-68e77cd9c34e"",""robert.bartlomiejski@usz.edu.pl"",""Microsoft.ResourceGraph/queries"",""resource-graph-queries"",""/subscriptions/2dc73f4d-e58e-4cdf-a7f2-68e77cd9c34e/resourceGroups/resource-graph-queries/providers/Microsoft.ResourceGraph/queries/RBHAB_PACT3Query1"""
"be6f23c3-5b8f-4646-a529-8ceb295c4118,""Update resource graph queries Create"",""Started"",""Administrative"",""Informational"",""2025-09-16T05:41:44.484Z"",""2dc73f4d-e58e-4cdf-a7f2-68e77cd9c34e"",""robert.bartlomiejski@usz.edu.pl"",""Microsoft.ResourceGraph/queries"",""resource-graph-queries"",""/subscriptions/2dc73f4d-e58e-4cdf-a7f2-68e77cd9c34e/resourceGroups/resource-graph-queries/providers/Microsoft.ResourceGraph/queries/RBHAB_PACT3Query1"""
"301406c7-8b51-4bbf-aad2-959364275ed7,""Update resource group"",""Succeeded"",""Administrative"",""Informational"",""2025-09-16T05:41:43.971Z"",""2dc73f4d-e58e-4cdf-a7f2-68e77cd9c34e"",""robert.bartlomiejski@usz.edu.pl"",""Microsoft.Resources/subscriptions/resourceGroups"",""resource-graph-queries"",""/subscriptions/2dc73f4d-e58e-4cdf-a7f2-68e77cd9c34e/resourceGroups/resource-graph-queries"""
"301406c7-8b51-4bbf-aad2-959364275ed7,""Update resource group"",""Started"",""Administrative"",""Informational"",""2025-09-16T05:41:43.299Z"",""2dc73f4d-e58e-4cdf-a7f2-68e77cd9c34e"",""robert.bartlomiejski@usz.edu.pl"",""Microsoft.Resources/subscriptions/resourceGroups"",""resource-graph-queries"",""/subscriptions/2dc73f4d-e58e-4cdf-a7f2-68e77cd9c34e/resourceGroups/resource-graph-queries"""
"9c1155b5-83be-4b98-a489-c49b43a3abe4,""Validate Deployment"",""Succeeded"",""Administrative"",""Informational"",""2025-09-16T05:39:06.779Z"",""2dc73f4d-e58e-4cdf-a7f2-68e77cd9c34e"",""robert.bartlomiejski@usz.edu.pl"",""Microsoft.Resources/deployments"",""rbhabazure"",""/subscriptions/2dc73f4d-e58e-4cdf-a7f2-68e77cd9c34e/resourceGroups/rbhabazure/providers/Microsoft.Resources/deployments/Microsoft.Azure.CosmosDB-20250916073930"""
"9c1155b5-83be-4b98-a489-c49b43a3abe4,""Validate Deployment"",""Started"",""Administrative"",""Informational"",""2025-09-16T05:39:05.950Z"",""2dc73f4d-e58e-4cdf-a7f2-68e77cd9c34e"",""robert.bartlomiejski@usz.edu.pl"",""Microsoft.Resources/deployments"",""rbhabazure"",""/subscriptions/2dc73f4d-e58e-4cdf-a7f2-68e77cd9c34e/resourceGroups/rbhabazure/providers/Microsoft.Resources/deployments/Microsoft.Azure.CosmosDB-20250916073930"""
"db26483e-4f70-4d0b-8f45-f898c2aa9a3e,""Validate Deployment"",""Succeeded"",""Administrative"",""Informational"",""2025-09-16T05:11:10.104Z"",""2dc73f4d-e58e-4cdf-a7f2-68e77cd9c34e"",""robert.bartlomiejski@usz.edu.pl"",""Microsoft.Resources/deployments"",""rbhabazure"",""/subscriptions/2dc73f4d-e58e-4cdf-a7f2-68e77cd9c34e/resourceGroups/rbhabazure/providers/Microsoft.Resources/deployments/Microsoft.Azure.CosmosDB-20250916071134"""
"db26483e-4f70-4d0b-8f45-f898c2aa9a3e,""Validate Deployment"",""Started"",""Administrative"",""Informational"",""2025-09-16T05:11:09.744Z"",""2dc73f4d-e58e-4cdf-a7f2-68e77cd9c34e"",""robert.bartlomiejski@usz.edu.pl"",""Microsoft.Resources/deployments"",""rbhabazure"",""/subscriptions/2dc73f4d-e58e-4cdf-a7f2-68e77cd9c34e/resourceGroups/rbhabazure/providers/Microsoft.Resources/deployments/Microsoft.Azure.CosmosDB-20250916071134"""
"b214d15b-b675-46a9-9f64-94d84e3e86b1,""Register Microsoft DocumentDB resource provider"",""Succeeded"",""Administrative"",""Informational"",""2025-09-16T05:05:24.363Z"",""2dc73f4d-e58e-4cdf-a7f2-68e77cd9c34e"",""robert.bartlomiejski@usz.edu.pl"","""","""",""/subscriptions/2dc73f4d-e58e-4cdf-a7f2-68e77cd9c34e/providers/Microsoft.DocumentDb"""
"b214d15b-b675-46a9-9f64-94d84e3e86b1,""Register Microsoft DocumentDB resource provider"",""Started"",""Administrative"",""Informational"",""2025-09-16T05:05:24.144Z"",""2dc73f4d-e58e-4cdf-a7f2-68e77cd9c34e"",""robert.bartlomiejski@usz.edu.pl"","""","""",""/subscriptions/2dc73f4d-e58e-4cdf-a7f2-68e77cd9c34e/providers/Microsoft.DocumentDb"""
"0bb8ba9a-35fe-49b9-af41-7828e4b95506,""Register Microsoft DocumentDB resource provider"",""Succeeded"",""Administrative"",""Informational"",""2025-09-16T05:05:24.257Z"",""2dc73f4d-e58e-4cdf-a7f2-68e77cd9c34e"",""robert.bartlomiejski@usz.edu.pl"","""","""",""/subscriptions/2dc73f4d-e58e-4cdf-a7f2-68e77cd9c34e/providers/Microsoft.DocumentDb"""
"0bb8ba9a-35fe-49b9-af41-7828e4b95506,""Register Microsoft DocumentDB resource provider"",""Started"",""Administrative"",""Informational"",""2025-09-16T05:05:24.101Z"",""2dc73f4d-e58e-4cdf-a7f2-68e77cd9c34e"",""robert.bartlomiejski@usz.edu.pl"","""","""",""/subscriptions/2dc73f4d-e58e-4cdf-a7f2-68e77cd9c34e/providers/Microsoft.DocumentDb"""
"afe6dc7d-9cdf-4484-85bd-9759bd3f3dca,""List Storage Account Keys"",""Succeeded"",""Administrative"",""Informational"",""2025-09-16T04:21:38.827Z"",""2dc73f4d-e58e-4cdf-a7f2-68e77cd9c34e"",""robert.bartlomiejski@usz.edu.pl"",""Microsoft.Storage/storageAccounts"",""rbhabazure"",""/subscriptions/2dc73f4d-e58e-4cdf-a7f2-68e77cd9c34e/resourceGroups/rbhabazure/providers/Microsoft.Storage/storageAccounts/rbhabazure"""
"afe6dc7d-9cdf-4484-85bd-9759bd3f3dca,""List Storage Account Keys"",""Started"",""Administrative"",""Informational"",""2025-09-16T04:21:38.608Z"",""2dc73f4d-e58e-4cdf-a7f2-68e77cd9c34e"",""robert.bartlomiejski@usz.edu.pl"",""Microsoft.Storage/storageAccounts"",""rbhabazure"",""/subscriptions/2dc73f4d-e58e-4cdf-a7f2-68e77cd9c34e/resourceGroups/rbhabazure/providers/Microsoft.Storage/storageAccounts/rbhabazure"""
"7f14d432-8155-4d3b-8b34-144436a6d959,""Register subscription"",""Succeeded"",""Administrative"",""Informational"",""2025-09-16T04:09:55.517Z"",""2dc73f4d-e58e-4cdf-a7f2-68e77cd9c34e"",""robert.bartlomiejski@usz.edu.pl"","""","""",""/subscriptions/2dc73f4d-e58e-4cdf-a7f2-68e77cd9c34e/providers/Microsoft.AlertsManagement"""
"7f14d432-8155-4d3b-8b34-144436a6d959,""Register subscription"",""Started"",""Administrative"",""Informational"",""2025-09-16T04:09:55.455Z"",""2dc73f4d-e58e-4cdf-a7f2-68e77cd9c34e"",""robert.bartlomiejski@usz.edu.pl"","""","""",""/subscriptions/2dc73f4d-e58e-4cdf-a7f2-68e77cd9c34e/providers/Microsoft.AlertsManagement"""
"159f6b3d-4810-405a-9b34-80c56b675a4b,""Register subscription"",""Succeeded"",""Administrative"",""Informational"",""2025-09-16T04:09:55.101Z"",""2dc73f4d-e58e-4cdf-a7f2-68e77cd9c34e"",""robert.bartlomiejski@usz.edu.pl"","""","""",""/subscriptions/2dc73f4d-e58e-4cdf-a7f2-68e77cd9c34e/providers/Microsoft.AlertsManagement"""
"159f6b3d-4810-405a-9b34-80c56b675a4b,""Register subscription"",""Started"",""Administrative"",""Informational"",""2025-09-16T04:09:55.039Z"",""2dc73f4d-e58e-4cdf-a7f2-68e77cd9c34e"",""robert.bartlomiejski@usz.edu.pl"","""","""",""/subscriptions/2dc73f4d-e58e-4cdf-a7f2-68e77cd9c34e/providers/Microsoft.AlertsManagement"""
"d6d6d574-10fe-469f-90f6-7a8e13573023,""List Storage Account Keys"",""Succeeded"",""Administrative"",""Informational"",""2025-09-16T03:38:14.227Z"",""2dc73f4d-e58e-4cdf-a7f2-68e77cd9c34e"",""robert.bartlomiejski@usz.edu.pl"",""Microsoft.Storage/storageAccounts"",""rbhabazure"",""/subscriptions/2dc73f4d-e58e-4cdf-a7f2-68e77cd9c34e/resourceGroups/rbhabazure/providers/Microsoft.Storage/storageAccounts/rbhabazure"""
"d6d6d574-10fe-469f-90f6-7a8e13573023,""List Storage Account Keys"",""Started"",""Administrative"",""Informational"",""2025-09-16T03:38:14.102Z"",""2dc73f4d-e58e-4cdf-a7f2-68e77cd9c34e"",""robert.bartlomiejski@usz.edu.pl"",""Microsoft.Storage/storageAccounts"",""rbhabazure"",""/subscriptions/2dc73f4d-e58e-4cdf-a7f2-68e77cd9c34e/resourceGroups/rbhabazure/providers/Microsoft.Storage/storageAccounts/rbhabazure"""
"e26a8a2f-8705-475a-9dbc-5ebedbe02eb6,""'auditIfNotExists' Policy action."",""Succeeded"",""Policy"",""Informational"",""2025-09-16T03:32:55.010Z"",""2dc73f4d-e58e-4cdf-a7f2-68e77cd9c34e"",""robert.bartlomiejski@usz.edu.pl"",""Microsoft.Storage/storageAccounts"",""rbhabazure"",""/subscriptions/2dc73f4d-e58e-4cdf-a7f2-68e77cd9c34e/resourceGroups/rbhabazure/providers/Microsoft.Storage/storageAccounts/rbhabazure"""
"e26a8a2f-8705-475a-9dbc-5ebedbe02eb6,""Update resource group"",""Succeeded"",""Administrative"",""Informational"",""2025-09-16T03:22:26.264Z"",""2dc73f4d-e58e-4cdf-a7f2-68e77cd9c34e"",""robert.bartlomiejski@usz.edu.pl"",""Microsoft.Resources/subscriptions/resourcegroups"",""rbhabazure"",""/subscriptions/2dc73f4d-e58e-4cdf-a7f2-68e77cd9c34e/resourcegroups/rbhabazure"""
"e26a8a2f-8705-475a-9dbc-5ebedbe02eb6,""Update Storage Account Create"",""Started"",""Administrative"",""Informational"",""2025-09-16T03:22:26.445Z"",""2dc73f4d-e58e-4cdf-a7f2-68e77cd9c34e"",""robert.bartlomiejski@usz.edu.pl"",""Microsoft.Storage/storageAccounts"",""rbhabazure"",""/subscriptions/2dc73f4d-e58e-4cdf-a7f2-68e77cd9c34e/resourceGroups/rbhabazure/providers/Microsoft.Storage/storageAccounts/rbhabazure"""
"e26a8a2f-8705-475a-9dbc-5ebedbe02eb6,""'audit' Policy action."",""Succeeded"",""Policy"",""Warning"",""2025-09-16T03:22:26.554Z"",""2dc73f4d-e58e-4cdf-a7f2-68e77cd9c34e"",""robert.bartlomiejski@usz.edu.pl"",""Microsoft.Storage/storageAccounts"",""rbhabazure"",""/subscriptions/2dc73f4d-e58e-4cdf-a7f2-68e77cd9c34e/resourceGroups/rbhabazure/providers/Microsoft.Storage/storageAccounts/rbhabazure"""
"e26a8a2f-8705-475a-9dbc-5ebedbe02eb6,""'auditIfNotExists' Policy action."",""Started"",""Policy"",""Informational"",""2025-09-16T03:22:29.523Z"",""2dc73f4d-e58e-4cdf-a7f2-68e77cd9c34e"",""robert.bartlomiejski@usz.edu.pl"",""Microsoft.Storage/storageAccounts"",""rbhabazure"",""/subscriptions/2dc73f4d-e58e-4cdf-a7f2-68e77cd9c34e/resourceGroups/rbhabazure/providers/Microsoft.Storage/storageAccounts/rbhabazure"""
"e26a8a2f-8705-475a-9dbc-5ebedbe02eb6,""Update Storage Account Create"",""Accepted"",""Administrative"",""Informational"",""2025-09-16T03:22:29.554Z"",""2dc73f4d-e58e-4cdf-a7f2-68e77cd9c34e"",""robert.bartlomiejski@usz.edu.pl"",""Microsoft.Storage/storageAccounts"",""rbhabazure"",""/subscriptions/2dc73f4d-e58e-4cdf-a7f2-68e77cd9c34e/resourceGroups/rbhabazure/providers/Microsoft.Storage/storageAccounts/rbhabazure"""
"e26a8a2f-8705-475a-9dbc-5ebedbe02eb6,""Get Storage Account(s) List"",""Running"",""Administrative"",""Informational"",""2025-09-16T03:22:46.831Z"",""2dc73f4d-e58e-4cdf-a7f2-68e77cd9c34e"",""robert.bartlomiejski@usz.edu.pl"",""Microsoft.Storage/storageAccounts"",""rbhabazure"",""/subscriptions/2dc73f4d-e58e-4cdf-a7f2-68e77cd9c34e/resourcegroups/rbhabazure/providers/Microsoft.Storage/storageAccounts/rbhabazure"""
"e26a8a2f-8705-475a-9dbc-5ebedbe02eb6,""List Storage Account Keys"",""Started"",""Administrative"",""Informational"",""2025-09-16T03:22:48.372Z"",""2dc73f4d-e58e-4cdf-a7f2-68e77cd9c34e"",""robert.bartlomiejski@usz.edu.pl"",""Microsoft.Storage/storageAccounts"",""rbhabazure"",""/subscriptions/2dc73f4d-e58e-4cdf-a7f2-68e77cd9c34e/resourceGroups/rbhabazure/providers/Microsoft.Storage/storageAccounts/rbhabazure"""
"e26a8a2f-8705-475a-9dbc-5ebedbe02eb6,""List Storage Account Keys"",""Succeeded"",""Administrative"",""Informational"",""2025-09-16T03:22:48.513Z"",""2dc73f4d-e58e-4cdf-a7f2-68e77cd9c34e"",""robert.bartlomiejski@usz.edu.pl"",""Microsoft.Storage/storageAccounts"",""rbhabazure"",""/subscriptions/2dc73f4d-e58e-4cdf-a7f2-68e77cd9c34e/resourceGroups/rbhabazure/providers/Microsoft.Storage/storageAccounts/rbhabazure"""
"e26a8a2f-8705-475a-9dbc-5ebedbe02eb6,""Update Storage Account Create"",""Succeeded"",""Administrative"",""Informational"",""2025-09-16T03:22:52.585Z"",""2dc73f4d-e58e-4cdf-a7f2-68e77cd9c34e"",""robert.bartlomiejski@usz.edu.pl"",""Microsoft.Storage/storageAccounts"",""rbhabazure"",""/subscriptions/2dc73f4d-e58e-4cdf-a7f2-68e77cd9c34e/resourcegroups/rbhabazure/providers/Microsoft.Storage/storageAccounts/rbhabazure"""
"e26a8a2f-8705-475a-9dbc-5ebedbe02eb6,""'audit' Policy action."",""Succeeded"",""Policy"",""Warning"",""2025-09-16T03:32:47.406Z"",""2dc73f4d-e58e-4cdf-a7f2-68e77cd9c34e"",""robert.bartlomiejski@usz.edu.pl"",""Microsoft.Storage/storageAccounts"",""rbhabazure"",""/subscriptions/2dc73f4d-e58e-4cdf-a7f2-68e77cd9c34e/resourceGroups/rbhabazure/providers/Microsoft.Storage/storageAccounts/rbhabazure"""
"e26a8a2f-8705-475a-9dbc-5ebedbe02eb6,""'auditIfNotExists' Policy action."",""Succeeded"",""Policy"",""Informational"",""2025-09-16T03:32:47.421Z"",""2dc73f4d-e58e-4cdf-a7f2-68e77cd9c34e"",""robert.bartlomiejski@usz.edu.pl"",""Microsoft.Storage/storageAccounts"",""rbhabazure"",""/subscriptions/2dc73f4d-e58e-4cdf-a7f2-68e77cd9c34e/resourceGroups/rbhabazure/providers/Microsoft.Storage/storageAccounts/rbhabazure"""
"e26a8a2f-8705-475a-9dbc-5ebedbe02eb6,""'audit' Policy action."",""Succeeded"",""Policy"",""Warning"",""2025-09-16T03:32:54.994Z"",""2dc73f4d-e58e-4cdf-a7f2-68e77cd9c34e"",""robert.bartlomiejski@usz.edu.pl"",""Microsoft.Storage/storageAccounts"",""rbhabazure"",""/subscriptions/2dc73f4d-e58e-4cdf-a7f2-68e77cd9c34e/resourceGroups/rbhabazure/providers/Microsoft.Storage/storageAccounts/rbhabazure"""
"e26a8a2f-8705-475a-9dbc-5ebedbe02eb6,""Update resource group"",""Started"",""Administrative"",""Informational"",""2025-09-16T03:22:25.686Z"",""2dc73f4d-e58e-4cdf-a7f2-68e77cd9c34e"",""robert.bartlomiejski@usz.edu.pl"",""Microsoft.Resources/subscriptions/resourcegroups"",""rbhabazure"",""/subscriptions/2dc73f4d-e58e-4cdf-a7f2-68e77cd9c34e/resourcegroups/rbhabazure"""
