provider_pk,provider_code,provider_label,provider_family_code,provider_family_label,provider_status_code,provider_status_label
provider_pk_1_crossref,1,crossref,1,research_source,1,configured
provider_pk_5_10.1002/sd.70183,5,10.1002/sd.70183,1,research_source,1,configured
provider_pk_5_10.1007/1-4020-3778-3_10,5,10.1007/1-4020-3778-3_10,1,research_source,1,configured
provider_pk_5_10.1007/1-4020-3778-3_6,5,10.1007/1-4020-3778-3_6,1,research_source,1,configured
provider_pk_5_10.1007/978-3-030-34630-0_2,5,10.1007/978-3-030-34630-0_2,1,research_source,1,configured
provider_pk_5_10.1007/978-3-030-49540-4_6,5,10.1007/978-3-030-49540-4_6,1,research_source,1,configured
provider_pk_5_10.1007/978-3-030-69325-1_13,5,10.1007/978-3-030-69325-1_13,1,research_source,1,configured
provider_pk_5_10.1007/978-3-030-71819-0_15,5,10.1007/978-3-030-71819-0_15,1,research_source,1,configured
provider_pk_5_10.1007/978-3-030-89624-9_2,5,10.1007/978-3-030-89624-9_2,1,research_source,1,configured
provider_pk_5_10.1007/978-3-030-89624-9_26,5,10.1007/978-3-030-89624-9_26,1,research_source,1,configured
provider_pk_5_10.1007/978-3-030-89624-9_28,5,10.1007/978-3-030-89624-9_28,1,research_source,1,configured
provider_pk_5_10.1007/978-3-030-91275-8_1,5,10.1007/978-3-030-91275-8_1,1,research_source,1,configured
provider_pk_5_10.1007/978-3-031-16277-0,5,10.1007/978-3-031-16277-0,1,research_source,1,configured
provider_pk_5_10.1007/978-3-031-16277-0_11,5,10.1007/978-3-031-16277-0_11,1,research_source,1,configured
provider_pk_5_10.1007/978-3-031-16277-0_13,5,10.1007/978-3-031-16277-0_13,1,research_source,1,configured
provider_pk_5_10.1007/978-3-031-20740-2_1,5,10.1007/978-3-031-20740-2_1,1,research_source,1,configured
provider_pk_5_10.1007/978-3-031-56607-3_5,5,10.1007/978-3-031-56607-3_5,1,research_source,1,configured
provider_pk_5_10.1007/978-3-031-67431-0_21,5,10.1007/978-3-031-67431-0_21,1,research_source,1,configured
provider_pk_5_10.1007/978-3-031-71322-4_2,5,10.1007/978-3-031-71322-4_2,1,research_source,1,configured
provider_pk_5_10.1007/978-3-319-55074-9_35,5,10.1007/978-3-319-55074-9_35,1,research_source,1,configured
provider_pk_5_10.1007/978-3-319-62365-8,5,10.1007/978-3-319-62365-8,1,research_source,1,configured
provider_pk_5_10.1007/978-3-319-89740-0_8,5,10.1007/978-3-319-89740-0_8,1,research_source,1,configured
provider_pk_5_10.1007/978-3-319-98696-8_8,5,10.1007/978-3-319-98696-8_8,1,research_source,1,configured
provider_pk_5_10.1007/978-3-319-98696-8_9,5,10.1007/978-3-319-98696-8_9,1,research_source,1,configured
provider_pk_5_10.1007/978-3-319-99097-2_3,5,10.1007/978-3-319-99097-2_3,1,research_source,1,configured
provider_pk_5_10.1007/s00287-022-01475-y,5,10.1007/s00287-022-01475-y,1,research_source,1,configured
provider_pk_5_10.1007/s10113-024-02336-y,5,10.1007/s10113-024-02336-y,1,research_source,1,configured
provider_pk_5_10.1007/s10113-025-02412-x,5,10.1007/s10113-025-02412-x,1,research_source,1,configured
provider_pk_5_10.1007/s10499-024-01731-w,5,10.1007/s10499-024-01731-w,1,research_source,1,configured
provider_pk_5_10.1007/s10584-022-03310-5,5,10.1007/s10584-022-03310-5,1,research_source,1,configured
provider_pk_5_10.1007/s10668-018-0133-z,5,10.1007/s10668-018-0133-z,1,research_source,1,configured
provider_pk_5_10.1007/s11027-024-10142-4,5,10.1007/s11027-024-10142-4,1,research_source,1,configured
provider_pk_5_10.1007/s11160-020-09628-6,5,10.1007/s11160-020-09628-6,1,research_source,1,configured
provider_pk_5_10.1007/s11160-021-09636-0,5,10.1007/s11160-021-09636-0,1,research_source,1,configured
provider_pk_5_10.1007/s11160-021-09661-z,5,10.1007/s11160-021-09661-z,1,research_source,1,configured
provider_pk_5_10.1007/s11160-022-09749-0,5,10.1007/s11160-022-09749-0,1,research_source,1,configured
provider_pk_5_10.1007/s11625-018-0547-4,5,10.1007/s11625-018-0547-4,1,research_source,1,configured
provider_pk_5_10.1007/s11625-020-00796-9,5,10.1007/s11625-020-00796-9,1,research_source,1,configured
provider_pk_5_10.1007/s12038-023-00375-x,5,10.1007/s12038-023-00375-x,1,research_source,1,configured
provider_pk_5_10.1007/s13280-022-01723-1,5,10.1007/s13280-022-01723-1,1,research_source,1,configured
provider_pk_5_10.1007/s13437-016-0104-x,5,10.1007/s13437-016-0104-x,1,research_source,1,configured
provider_pk_5_10.1007/s13437-021-00233-3,5,10.1007/s13437-021-00233-3,1,research_source,1,configured
provider_pk_5_10.1007/s40152-018-0087-7,5,10.1007/s40152-018-0087-7,1,research_source,1,configured
provider_pk_5_10.1007/s40152-018-0117-5,5,10.1007/s40152-018-0117-5,1,research_source,1,configured
provider_pk_5_10.1007/s40152-020-00168-0,5,10.1007/s40152-020-00168-0,1,research_source,1,configured
provider_pk_5_10.1007/s40152-020-00179-x,5,10.1007/s40152-020-00179-x,1,research_source,1,configured
provider_pk_5_10.1007/s40152-020-00181-3,5,10.1007/s40152-020-00181-3,1,research_source,1,configured
provider_pk_5_10.1007/s40152-020-00183-1,5,10.1007/s40152-020-00183-1,1,research_source,1,configured
provider_pk_5_10.1007/s40152-021-00240-3,5,10.1007/s40152-021-00240-3,1,research_source,1,configured
provider_pk_5_10.1007/s40152-021-00243-0,5,10.1007/s40152-021-00243-0,1,research_source,1,configured
provider_pk_5_10.1007/s40152-023-00315-3,5,10.1007/s40152-023-00315-3,1,research_source,1,configured
provider_pk_5_10.1007/s40152-023-00319-z,5,10.1007/s40152-023-00319-z,1,research_source,1,configured
provider_pk_5_10.1007/s40152-023-00341-1,5,10.1007/s40152-023-00341-1,1,research_source,1,configured
provider_pk_5_10.1007/s40152-024-00387-9,5,10.1007/s40152-024-00387-9,1,research_source,1,configured
provider_pk_5_10.1016/b978-0-12-805375-1.00007-6,5,10.1016/b978-0-12-805375-1.00007-6,1,research_source,1,configured
provider_pk_5_10.1016/b978-0-12-814003-1.00037-x,5,10.1016/b978-0-12-814003-1.00037-x,1,research_source,1,configured
provider_pk_5_10.1016/b978-0-12-817945-1.00025-3,5,10.1016/b978-0-12-817945-1.00025-3,1,research_source,1,configured
provider_pk_5_10.1016/b978-0-12-817945-1.00034-4,5,10.1016/b978-0-12-817945-1.00034-4,1,research_source,1,configured
provider_pk_5_10.1016/b978-0-12-821431-2.00046-9,5,10.1016/b978-0-12-821431-2.00046-9,1,research_source,1,configured
provider_pk_5_10.1016/j.ajss.2023.06.001,5,10.1016/j.ajss.2023.06.001,1,research_source,1,configured
provider_pk_5_10.1016/j.ecolecon.2022.107419,5,10.1016/j.ecolecon.2022.107419,1,research_source,1,configured
provider_pk_5_10.1016/j.ecss.2017.01.002,5,10.1016/j.ecss.2017.01.002,1,research_source,1,configured
provider_pk_5_10.1016/j.envsci.2021.05.022,5,10.1016/j.envsci.2021.05.022,1,research_source,1,configured
provider_pk_5_10.1016/j.envsci.2023.03.002,5,10.1016/j.envsci.2023.03.002,1,research_source,1,configured
provider_pk_5_10.1016/j.envsci.2023.05.020,5,10.1016/j.envsci.2023.05.020,1,research_source,1,configured
provider_pk_5_10.1016/j.envsci.2024.103710,5,10.1016/j.envsci.2024.103710,1,research_source,1,configured
provider_pk_5_10.1016/j.esg.2022.100150,5,10.1016/j.esg.2022.100150,1,research_source,1,configured
provider_pk_5_10.1016/j.gloenvcha.2014.05.006,5,10.1016/j.gloenvcha.2014.05.006,1,research_source,1,configured
provider_pk_5_10.1016/j.gloenvcha.2020.102208,5,10.1016/j.gloenvcha.2020.102208,1,research_source,1,configured
provider_pk_5_10.1016/j.heliyon.2023.e18190,5,10.1016/j.heliyon.2023.e18190,1,research_source,1,configured
provider_pk_5_10.1016/j.jrurstud.2023.103085,5,10.1016/j.jrurstud.2023.103085,1,research_source,1,configured
provider_pk_5_10.1016/j.marpol.2007.09.003,5,10.1016/j.marpol.2007.09.003,1,research_source,1,configured
provider_pk_5_10.1016/j.marpol.2008.05.009,5,10.1016/j.marpol.2008.05.009,1,research_source,1,configured
provider_pk_5_10.1016/j.marpol.2008.08.001,5,10.1016/j.marpol.2008.08.001,1,research_source,1,configured
provider_pk_5_10.1016/j.marpol.2011.03.007,5,10.1016/j.marpol.2011.03.007,1,research_source,1,configured
provider_pk_5_10.1016/j.marpol.2014.08.013,5,10.1016/j.marpol.2014.08.013,1,research_source,1,configured
provider_pk_5_10.1016/j.marpol.2015.03.029,5,10.1016/j.marpol.2015.03.029,1,research_source,1,configured
provider_pk_5_10.1016/j.marpol.2017.05.017,5,10.1016/j.marpol.2017.05.017,1,research_source,1,configured
provider_pk_5_10.1016/j.marpol.2018.01.027,5,10.1016/j.marpol.2018.01.027,1,research_source,1,configured
provider_pk_5_10.1016/j.marpol.2018.04.026,5,10.1016/j.marpol.2018.04.026,1,research_source,1,configured
provider_pk_5_10.1016/j.marpol.2018.06.001,5,10.1016/j.marpol.2018.06.001,1,research_source,1,configured
provider_pk_5_10.1016/j.marpol.2019.02.012,5,10.1016/j.marpol.2019.02.012,1,research_source,1,configured
provider_pk_5_10.1016/j.marpol.2019.103798,5,10.1016/j.marpol.2019.103798,1,research_source,1,configured
provider_pk_5_10.1016/j.marpol.2020.104189,5,10.1016/j.marpol.2020.104189,1,research_source,1,configured
provider_pk_5_10.1016/j.marpol.2022.105357,5,10.1016/j.marpol.2022.105357,1,research_source,1,configured
provider_pk_5_10.1016/j.marpol.2022.105388,5,10.1016/j.marpol.2022.105388,1,research_source,1,configured
provider_pk_5_10.1016/j.marpol.2023.105791,5,10.1016/j.marpol.2023.105791,1,research_source,1,configured
provider_pk_5_10.1016/j.marpol.2024.106084,5,10.1016/j.marpol.2024.106084,1,research_source,1,configured
provider_pk_5_10.1016/j.marpol.2024.106418,5,10.1016/j.marpol.2024.106418,1,research_source,1,configured
provider_pk_5_10.1016/j.marpol.2024.106566,5,10.1016/j.marpol.2024.106566,1,research_source,1,configured
provider_pk_5_10.1016/j.ocecoaman.2018.10.020,5,10.1016/j.ocecoaman.2018.10.020,1,research_source,1,configured
provider_pk_5_10.1016/j.ocecoaman.2019.04.009,5,10.1016/j.ocecoaman.2019.04.009,1,research_source,1,configured
provider_pk_5_10.1016/j.ocecoaman.2021.105867,5,10.1016/j.ocecoaman.2021.105867,1,research_source,1,configured
provider_pk_5_10.1016/j.oneear.2020.12.002,5,10.1016/j.oneear.2020.12.002,1,research_source,1,configured
provider_pk_5_10.1016/j.oneear.2022.08.004,5,10.1016/j.oneear.2022.08.004,1,research_source,1,configured
provider_pk_5_10.1016/j.oneear.2024.07.014,5,10.1016/j.oneear.2024.07.014,1,research_source,1,configured
provider_pk_5_10.1016/j.polgeo.2022.102670,5,10.1016/j.polgeo.2022.102670,1,research_source,1,configured
provider_pk_5_10.1016/j.resourpol.2019.02.020,5,10.1016/j.resourpol.2019.02.020,1,research_source,1,configured
provider_pk_5_10.1017/9781009253741,5,10.1017/9781009253741,1,research_source,1,configured
provider_pk_5_10.1017/9781009253741.020,5,10.1017/9781009253741.020,1,research_source,1,configured
provider_pk_5_10.1017/9781316831847.008,5,10.1017/9781316831847.008,1,research_source,1,configured
provider_pk_5_10.1017/cft.2022.10.pr1,5,10.1017/cft.2022.10.pr1,1,research_source,1,configured
provider_pk_5_10.1017/cft.2022.10.pr2,5,10.1017/cft.2022.10.pr2,1,research_source,1,configured
provider_pk_5_10.1017/cft.2022.10.pr3,5,10.1017/cft.2022.10.pr3,1,research_source,1,configured
provider_pk_5_10.1017/cft.2022.10.pr4,5,10.1017/cft.2022.10.pr4,1,research_source,1,configured
provider_pk_5_10.1017/cft.2022.10.pr5,5,10.1017/cft.2022.10.pr5,1,research_source,1,configured
provider_pk_5_10.1017/cft.2022.10.pr7,5,10.1017/cft.2022.10.pr7,1,research_source,1,configured
provider_pk_5_10.1017/cft.2022.10.pr8,5,10.1017/cft.2022.10.pr8,1,research_source,1,configured
provider_pk_5_10.1017/cft.2022.10.pr9,5,10.1017/cft.2022.10.pr9,1,research_source,1,configured
provider_pk_5_10.1017/cft.2023.2.pr1,5,10.1017/cft.2023.2.pr1,1,research_source,1,configured
provider_pk_5_10.1017/cft.2023.25,5,10.1017/cft.2023.25,1,research_source,1,configured
provider_pk_5_10.1017/cft.2023.25.pr1,5,10.1017/cft.2023.25.pr1,1,research_source,1,configured
provider_pk_5_10.1017/cft.2023.25.pr2,5,10.1017/cft.2023.25.pr2,1,research_source,1,configured
provider_pk_5_10.1017/cft.2023.25.pr3,5,10.1017/cft.2023.25.pr3,1,research_source,1,configured
provider_pk_5_10.1017/cft.2023.25.pr4,5,10.1017/cft.2023.25.pr4,1,research_source,1,configured
provider_pk_5_10.1017/cft.2023.25.pr5,5,10.1017/cft.2023.25.pr5,1,research_source,1,configured
provider_pk_5_10.1017/cft.2023.25.pr6,5,10.1017/cft.2023.25.pr6,1,research_source,1,configured
provider_pk_5_10.1017/cft.2023.25.pr7,5,10.1017/cft.2023.25.pr7,1,research_source,1,configured
provider_pk_5_10.1017/cft.2023.25.pr8,5,10.1017/cft.2023.25.pr8,1,research_source,1,configured
provider_pk_5_10.1017/cft.2023.25.pr9,5,10.1017/cft.2023.25.pr9,1,research_source,1,configured
provider_pk_5_10.1017/cft.2023.31,5,10.1017/cft.2023.31,1,research_source,1,configured
provider_pk_5_10.1017/cft.2023.31.pr1,5,10.1017/cft.2023.31.pr1,1,research_source,1,configured
provider_pk_5_10.1017/cft.2023.31.pr6,5,10.1017/cft.2023.31.pr6,1,research_source,1,configured
provider_pk_5_10.1017/cft.2023.4,5,10.1017/cft.2023.4,1,research_source,1,configured
provider_pk_5_10.1038/s41586-021-03327-3,5,10.1038/s41586-021-03327-3,1,research_source,1,configured
provider_pk_5_10.1038/s41893-019-0404-1,5,10.1038/s41893-019-0404-1,1,research_source,1,configured
provider_pk_5_10.1038/s44183-022-00001-7,5,10.1038/s44183-022-00001-7,1,research_source,1,configured
provider_pk_5_10.1038/s44183-024-00082-6,5,10.1038/s44183-024-00082-6,1,research_source,1,configured
provider_pk_5_10.1051/bioconf/202413300026,5,10.1051/bioconf/202413300026,1,research_source,1,configured
provider_pk_5_10.1051/bioconf/202413403008,5,10.1051/bioconf/202413403008,1,research_source,1,configured
provider_pk_5_10.1057/palgrave.udi.9000195,5,10.1057/palgrave.udi.9000195,1,research_source,1,configured
provider_pk_5_10.1057/s41301-023-00366-3,5,10.1057/s41301-023-00366-3,1,research_source,1,configured
provider_pk_5_10.1068/a44413,5,10.1068/a44413,1,research_source,1,configured
provider_pk_5_10.1080/00908320.2024.2441877,5,10.1080/00908320.2024.2441877,1,research_source,1,configured
provider_pk_5_10.1080/01944363.2014.998133,5,10.1080/01944363.2014.998133,1,research_source,1,configured
provider_pk_5_10.1080/02508060.2017.1309507,5,10.1080/02508060.2017.1309507,1,research_source,1,configured
provider_pk_5_10.1080/02508060.2022.2131156,5,10.1080/02508060.2022.2131156,1,research_source,1,configured
provider_pk_5_10.1080/03066150.2021.1999932,5,10.1080/03066150.2021.1999932,1,research_source,1,configured
provider_pk_5_10.1080/03088838100000046,5,10.1080/03088838100000046,1,research_source,1,configured
provider_pk_5_10.1080/08111146.2015.1057912,5,10.1080/08111146.2015.1057912,1,research_source,1,configured
provider_pk_5_10.1080/08920753.2014.964819,5,10.1080/08920753.2014.964819,1,research_source,1,configured
provider_pk_5_10.1080/08920753.2019.1564958,5,10.1080/08920753.2019.1564958,1,research_source,1,configured
provider_pk_5_10.1080/08920753.2022.2082835,5,10.1080/08920753.2022.2082835,1,research_source,1,configured
provider_pk_5_10.1080/08920753.2025.2452035,5,10.1080/08920753.2025.2452035,1,research_source,1,configured
provider_pk_5_10.1080/08941920590947922,5,10.1080/08941920590947922,1,research_source,1,configured
provider_pk_5_10.1080/09640568.2023.2279512,5,10.1080/09640568.2023.2279512,1,research_source,1,configured
provider_pk_5_10.1080/09733159.2016.1175131,5,10.1080/09733159.2016.1175131,1,research_source,1,configured
provider_pk_5_10.1080/09733159.2022.2131248,5,10.1080/09733159.2022.2131248,1,research_source,1,configured
provider_pk_5_10.1080/10572414.2023.2223062,5,10.1080/10572414.2023.2223062,1,research_source,1,configured
provider_pk_5_10.1080/13527258.2023.2284736,5,10.1080/13527258.2023.2284736,1,research_source,1,configured
provider_pk_5_10.1080/13549839.2025.2513888,5,10.1080/13549839.2025.2513888,1,research_source,1,configured
provider_pk_5_10.1080/14788810.2013.785192,5,10.1080/14788810.2013.785192,1,research_source,1,configured
provider_pk_5_10.1080/1523908x.2017.1304210,5,10.1080/1523908x.2017.1304210,1,research_source,1,configured
provider_pk_5_10.1080/15564894.2024.2411686,5,10.1080/15564894.2024.2411686,1,research_source,1,configured
provider_pk_5_10.1080/17535069.2022.2072613,5,10.1080/17535069.2022.2072613,1,research_source,1,configured
provider_pk_5_10.1080/18366503.2018.1536314,5,10.1080/18366503.2018.1536314,1,research_source,1,configured
provider_pk_5_10.1080/19480881.2018.1410962,5,10.1080/19480881.2018.1410962,1,research_source,1,configured
provider_pk_5_10.1080/19480881.2019.1625209,5,10.1080/19480881.2019.1625209,1,research_source,1,configured
provider_pk_5_10.1080/23251042.2016.1155792,5,10.1080/23251042.2016.1155792,1,research_source,1,configured
provider_pk_5_10.1080/26395916.2023.2260492,5,10.1080/26395916.2023.2260492,1,research_source,1,configured
provider_pk_5_10.1088/1748-9326/ac02ed,5,10.1088/1748-9326/ac02ed,1,research_source,1,configured
provider_pk_5_10.1088/1755-1315/1198/1/012013,5,10.1088/1755-1315/1198/1/012013,1,research_source,1,configured
provider_pk_5_10.1088/1755-1315/1537/1/012012,5,10.1088/1755-1315/1537/1/012012,1,research_source,1,configured
provider_pk_5_10.1093/ia/iiad124,5,10.1093/ia/iiad124,1,research_source,1,configured
provider_pk_5_10.1093/isagsq/ksad010,5,10.1093/isagsq/ksad010,1,research_source,1,configured
provider_pk_5_10.1093/law/9780198824152.003.0011,5,10.1093/law/9780198824152.003.0011,1,research_source,1,configured
provider_pk_5_10.1093/socpro/spw023,5,10.1093/socpro/spw023,1,research_source,1,configured
provider_pk_5_10.1098/rstb.2019.0458,5,10.1098/rstb.2019.0458,1,research_source,1,configured
provider_pk_5_10.1098/rstb.2021.0125,5,10.1098/rstb.2021.0125,1,research_source,1,configured
provider_pk_5_10.1108/raf-01-2025-0014,5,10.1108/raf-01-2025-0014,1,research_source,1,configured
provider_pk_5_10.1111/1477-8947.12267,5,10.1111/1477-8947.12267,1,research_source,1,configured
provider_pk_5_10.1111/area.12101,5,10.1111/area.12101,1,research_source,1,configured
provider_pk_5_10.1111/area.12582,5,10.1111/area.12582,1,research_source,1,configured
provider_pk_5_10.1111/cars.12136,5,10.1111/cars.12136,1,research_source,1,configured
provider_pk_5_10.1111/faf.12639,5,10.1111/faf.12639,1,research_source,1,configured
provider_pk_5_10.1111/geoj.12483,5,10.1111/geoj.12483,1,research_source,1,configured
provider_pk_5_10.1111/joac.70014,5,10.1111/joac.70014,1,research_source,1,configured
provider_pk_5_10.1111/rec.12388,5,10.1111/rec.12388,1,research_source,1,configured
provider_pk_5_10.1146/annurev-anthro-041422-012504,5,10.1146/annurev-anthro-041422-012504,1,research_source,1,configured
provider_pk_5_10.1146/annurev-marine-121422-015345,5,10.1146/annurev-marine-121422-015345,1,research_source,1,configured
provider_pk_5_10.1163/9789004380271_006,5,10.1163/9789004380271_006,1,research_source,1,configured
provider_pk_5_10.1163/9789004389984_006,5,10.1163/9789004389984_006,1,research_source,1,configured
provider_pk_5_10.1163/9789004503410_001,5,10.1163/9789004503410_001,1,research_source,1,configured
provider_pk_5_10.1163/9789004503410_002,5,10.1163/9789004503410_002,1,research_source,1,configured
provider_pk_5_10.1177/0094582x241284570,5,10.1177/0094582x241284570,1,research_source,1,configured
provider_pk_5_10.1177/0094582x241285386,5,10.1177/0094582x241285386,1,research_source,1,configured
provider_pk_5_10.1177/00953997211073947,5,10.1177/00953997211073947,1,research_source,1,configured
provider_pk_5_10.1177/01417789211066012,5,10.1177/01417789211066012,1,research_source,1,configured
provider_pk_5_10.1177/03091325241240581,5,10.1177/03091325241240581,1,research_source,1,configured
provider_pk_5_10.1177/0739456x16644801,5,10.1177/0739456x16644801,1,research_source,1,configured
provider_pk_5_10.1177/10704965241238290,5,10.1177/10704965241238290,1,research_source,1,configured
provider_pk_5_10.1177/2043820617691635,5,10.1177/2043820617691635,1,research_source,1,configured
provider_pk_5_10.1177/2043820617691643,5,10.1177/2043820617691643,1,research_source,1,configured
provider_pk_5_10.1177/2043820617691649,5,10.1177/2043820617691649,1,research_source,1,configured
provider_pk_5_10.1177/2514848618813768,5,10.1177/2514848618813768,1,research_source,1,configured
provider_pk_5_10.1177/25148486231198010,5,10.1177/25148486231198010,1,research_source,1,configured
provider_pk_5_10.1177/27539687231201667,5,10.1177/27539687231201667,1,research_source,1,configured
provider_pk_5_10.1177/27539687231212672,5,10.1177/27539687231212672,1,research_source,1,configured
provider_pk_5_10.1186/s12302-021-00502-1,5,10.1186/s12302-021-00502-1,1,research_source,1,configured
provider_pk_5_10.1201/9780429326004,5,10.1201/9780429326004,1,research_source,1,configured
provider_pk_5_10.1201/9781003024613-15,5,10.1201/9781003024613-15,1,research_source,1,configured
provider_pk_5_10.1215/00104124-3794589,5,10.1215/00104124-3794589,1,research_source,1,configured
provider_pk_5_10.1215/00138282-7309655,5,10.1215/00138282-7309655,1,research_source,1,configured
provider_pk_5_10.1215/17432197-2795681,5,10.1215/17432197-2795681,1,research_source,1,configured
provider_pk_5_10.1215/9781478007289,5,10.1215/9781478007289,1,research_source,1,configured
provider_pk_5_10.12688/openreseurope.16223.1,5,10.12688/openreseurope.16223.1,1,research_source,1,configured
provider_pk_5_10.12804/revistas.urosario.edu.co/sociojuridicos/a.12518,5,10.12804/revistas.urosario.edu.co/sociojuridicos/a.12518,1,research_source,1,configured
provider_pk_5_10.12962/j25481479.v10i1.4758,5,10.12962/j25481479.v10i1.4758,1,research_source,1,configured
provider_pk_5_10.13057/oceanlife/o070203,5,10.13057/oceanlife/o070203,1,research_source,1,configured
provider_pk_5_10.1353/tae.2021.0007,5,10.1353/tae.2021.0007,1,research_source,1,configured
provider_pk_5_10.1353/vrg.2022.0012,5,10.1353/vrg.2022.0012,1,research_source,1,configured
provider_pk_5_10.1371/journal.pbio.3001828,5,10.1371/journal.pbio.3001828,1,research_source,1,configured
provider_pk_5_10.1371/journal.pone.0251467,5,10.1371/journal.pone.0251467,1,research_source,1,configured
provider_pk_5_10.1371/journal.pone.0268047,5,10.1371/journal.pone.0268047,1,research_source,1,configured
provider_pk_5_10.1386/jcs_00022_1,5,10.1386/jcs_00022_1,1,research_source,1,configured
provider_pk_5_10.14198/ingeo2014.61.02,5,10.14198/ingeo2014.61.02,1,research_source,1,configured
provider_pk_5_10.1515/9781800731257-003,5,10.1515/9781800731257-003,1,research_source,1,configured
provider_pk_5_10.1515/9783110733488-022,5,10.1515/9783110733488-022,1,research_source,1,configured
provider_pk_5_10.1515/9783110733488-025,5,10.1515/9783110733488-025,1,research_source,1,configured
provider_pk_5_10.15244/pjoes/190016,5,10.15244/pjoes/190016,1,research_source,1,configured
provider_pk_5_10.15274/tpj.2017.02.02.06,5,10.15274/tpj.2017.02.02.06,1,research_source,1,configured
provider_pk_5_10.15351/2373-8456.1051,5,10.15351/2373-8456.1051,1,research_source,1,configured
provider_pk_5_10.15351/2373-8456.1052,5,10.15351/2373-8456.1052,1,research_source,1,configured
provider_pk_5_10.15351/2373-8456.1107,5,10.15351/2373-8456.1107,1,research_source,1,configured
provider_pk_5_10.15351/2373-8456.1132,5,10.15351/2373-8456.1132,1,research_source,1,configured
provider_pk_5_10.15366/relacionesinternacionales2020.45.012,5,10.15366/relacionesinternacionales2020.45.012,1,research_source,1,configured
provider_pk_5_10.15578/jksekp.v14i1.12972,5,10.15578/jksekp.v14i1.12972,1,research_source,1,configured
provider_pk_5_10.15649/2346030x.4028,5,10.15649/2346030x.4028,1,research_source,1,configured
provider_pk_5_10.17009/shakes.2010.46.3.004,5,10.17009/shakes.2010.46.3.004,1,research_source,1,configured
provider_pk_5_10.17159/sajs.2022/14664,5,10.17159/sajs.2022/14664,1,research_source,1,configured
provider_pk_5_10.17345/rcda4124,5,10.17345/rcda4124,1,research_source,1,configured
provider_pk_5_10.17645/oas.9500,5,10.17645/oas.9500,1,research_source,1,configured
provider_pk_5_10.17730/humo.66.4.a836621h2k5x46m2,5,10.17730/humo.66.4.a836621h2k5x46m2,1,research_source,1,configured
provider_pk_5_10.17730/humo.70.3.d686u2r7j2267055,5,10.17730/humo.70.3.d686u2r7j2267055,1,research_source,1,configured
provider_pk_5_10.17977/um021v10i12025p113-132,5,10.17977/um021v10i12025p113-132,1,research_source,1,configured
provider_pk_5_10.18196/jerss.v9i1.25954,5,10.18196/jerss.v9i1.25954,1,research_source,1,configured
provider_pk_5_10.18280/ijsdp.180401,5,10.18280/ijsdp.180401,1,research_source,1,configured
provider_pk_5_10.18352/ijc.260,5,10.18352/ijc.260,1,research_source,1,configured
provider_pk_5_10.18502/kss.v10i18.19550,5,10.18502/kss.v10i18.19550,1,research_source,1,configured
provider_pk_5_10.18662/lumproc.111,5,10.18662/lumproc.111,1,research_source,1,configured
provider_pk_5_10.20867/thm.28.2.6,5,10.20867/thm.28.2.6,1,research_source,1,configured
provider_pk_5_10.20868/upm.thesis.89961,5,10.20868/upm.thesis.89961,1,research_source,1,configured
provider_pk_5_10.20944/preprints202410.1422.v1,5,10.20944/preprints202410.1422.v1,1,research_source,1,configured
provider_pk_5_10.20944/preprints202410.1422.v2,5,10.20944/preprints202410.1422.v2,1,research_source,1,configured
provider_pk_5_10.20944/preprints202509.0411.v1,5,10.20944/preprints202509.0411.v1,1,research_source,1,configured
provider_pk_5_10.20961/jiep.v25i1.99750,5,10.20961/jiep.v25i1.99750,1,research_source,1,configured
provider_pk_5_10.2139/ssrn.4516616,5,10.2139/ssrn.4516616,1,research_source,1,configured
provider_pk_5_10.21435/sfh.27,5,10.21435/sfh.27,1,research_source,1,configured
provider_pk_5_10.21511/ppm.22(2).2024.14,5,10.21511/ppm.22(2).2024.14,1,research_source,1,configured
provider_pk_5_10.21522/tijmg.2015.03.01.art003,5,10.21522/tijmg.2015.03.01.art003,1,research_source,1,configured
provider_pk_5_10.21527/2237-6453.2023.59.14473,5,10.21527/2237-6453.2023.59.14473,1,research_source,1,configured
provider_pk_5_10.21608/arabsti.2024.386073,5,10.21608/arabsti.2024.386073,1,research_source,1,configured
provider_pk_5_10.22146/mh.v35i1.6005,5,10.22146/mh.v35i1.6005,1,research_source,1,configured
provider_pk_5_10.22158/sssr.v4n1p38,5,10.22158/sssr.v4n1p38,1,research_source,1,configured
provider_pk_5_10.22271/fish.2024.v12.i3a.2934,5,10.22271/fish.2024.v12.i3a.2934,1,research_source,1,configured
provider_pk_5_10.22541/au.160761569.97952359/v1,5,10.22541/au.160761569.97952359/v1,1,research_source,1,configured
provider_pk_5_10.2307/j.ctvgc60f0.8,5,10.2307/j.ctvgc60f0.8,1,research_source,1,configured
provider_pk_5_10.23919/oceans44145.2021.9705960,5,10.23919/oceans44145.2021.9705960,1,research_source,1,configured
provider_pk_5_10.24043/001c.92749,5,10.24043/001c.92749,1,research_source,1,configured
provider_pk_5_10.24043/isj.48,5,10.24043/isj.48,1,research_source,1,configured
provider_pk_5_10.24294/jipd.v8i2.3037,5,10.24294/jipd.v8i2.3037,1,research_source,1,configured
provider_pk_5_10.25267/hachetetepe.2016.v2.i13.9,5,10.25267/hachetetepe.2016.v2.i13.9,1,research_source,1,configured
provider_pk_5_10.26418/ijeas.2024.4.01.23-36,5,10.26418/ijeas.2024.4.01.23-36,1,research_source,1,configured
provider_pk_5_10.26480/seps.01.2022.29.33,5,10.26480/seps.01.2022.29.33,1,research_source,1,configured
provider_pk_5_10.2991/978-2-38476-106-7_8,5,10.2991/978-2-38476-106-7_8,1,research_source,1,configured
provider_pk_5_10.30525/2661-5150/2023-1-7,5,10.30525/2661-5150/2023-1-7,1,research_source,1,configured
provider_pk_5_10.30687/lgsp/2785-2709/2024/02,5,10.30687/lgsp/2785-2709/2024/02,1,research_source,1,configured
provider_pk_5_10.31031/eimbo.2017.01.000501,5,10.31031/eimbo.2017.01.000501,1,research_source,1,configured
provider_pk_5_10.31357/ajmm.v3i01.7306,5,10.31357/ajmm.v3i01.7306,1,research_source,1,configured
provider_pk_5_10.3167/ares.2019.100109,5,10.3167/ares.2019.100109,1,research_source,1,configured
provider_pk_5_10.3167/ares.2020.110108,5,10.3167/ares.2020.110108,1,research_source,1,configured
provider_pk_5_10.3167/trans.2019.090207,5,10.3167/trans.2019.090207,1,research_source,1,configured
provider_pk_5_10.31720/jga.6.1.2,5,10.31720/jga.6.1.2,1,research_source,1,configured
provider_pk_5_10.31840/sya.v0i18.1888,5,10.31840/sya.v0i18.1888,1,research_source,1,configured
provider_pk_5_10.32479/ijeep.20223,5,10.32479/ijeep.20223,1,research_source,1,configured
provider_pk_5_10.32991/2237-2717.2022v12i2.p459-474,5,10.32991/2237-2717.2022v12i2.p459-474,1,research_source,1,configured
provider_pk_5_10.33019/society.v12i2.745,5,10.33019/society.v12i2.745,1,research_source,1,configured
provider_pk_5_10.33067/se.1.2023.7,5,10.33067/se.1.2023.7,1,research_source,1,configured
provider_pk_5_10.33086/cdj.v8i1.5307,5,10.33086/cdj.v8i1.5307,1,research_source,1,configured
provider_pk_5_10.33175/mtr.2025.279344,5,10.33175/mtr.2025.279344,1,research_source,1,configured
provider_pk_5_10.33512/jpk.v13i1.23726,5,10.33512/jpk.v13i1.23726,1,research_source,1,configured
provider_pk_5_10.3389/fcosc.2024.1422829,5,10.3389/fcosc.2024.1422829,1,research_source,1,configured
provider_pk_5_10.3389/fmars.2016.00197,5,10.3389/fmars.2016.00197,1,research_source,1,configured
provider_pk_5_10.3389/fmars.2019.00158,5,10.3389/fmars.2019.00158,1,research_source,1,configured
provider_pk_5_10.3389/fmars.2019.00171,5,10.3389/fmars.2019.00171,1,research_source,1,configured
provider_pk_5_10.3389/fmars.2019.00261,5,10.3389/fmars.2019.00261,1,research_source,1,configured
provider_pk_5_10.3389/fmars.2019.00795,5,10.3389/fmars.2019.00795,1,research_source,1,configured
provider_pk_5_10.3389/fmars.2021.681546,5,10.3389/fmars.2021.681546,1,research_source,1,configured
provider_pk_5_10.3389/fmars.2022.1043881,5,10.3389/fmars.2022.1043881,1,research_source,1,configured
provider_pk_5_10.3389/fmars.2022.1089049,5,10.3389/fmars.2022.1089049,1,research_source,1,configured
provider_pk_5_10.3389/fmars.2022.873572,5,10.3389/fmars.2022.873572,1,research_source,1,configured
provider_pk_5_10.3389/fmars.2022.936612,5,10.3389/fmars.2022.936612,1,research_source,1,configured
provider_pk_5_10.3389/fmars.2023.1034054,5,10.3389/fmars.2023.1034054,1,research_source,1,configured
provider_pk_5_10.3389/fmars.2023.1209356,5,10.3389/fmars.2023.1209356,1,research_source,1,configured
provider_pk_5_10.3389/fmars.2023.1210133,5,10.3389/fmars.2023.1210133,1,research_source,1,configured
provider_pk_5_10.3389/fmars.2023.1223137,5,10.3389/fmars.2023.1223137,1,research_source,1,configured
provider_pk_5_10.3389/fmars.2023.1256500,5,10.3389/fmars.2023.1256500,1,research_source,1,configured
provider_pk_5_10.3389/fmars.2024.1347494,5,10.3389/fmars.2024.1347494,1,research_source,1,configured
provider_pk_5_10.3389/fmars.2024.1403194,5,10.3389/fmars.2024.1403194,1,research_source,1,configured
provider_pk_5_10.3389/fmars.2024.1469451,5,10.3389/fmars.2024.1469451,1,research_source,1,configured
provider_pk_5_10.3389/fmars.2025.1553962,5,10.3389/fmars.2025.1553962,1,research_source,1,configured
provider_pk_5_10.3389/focsu.2024.1459496,5,10.3389/focsu.2024.1459496,1,research_source,1,configured
provider_pk_5_10.3389/fpos.2022.1032204,5,10.3389/fpos.2022.1032204,1,research_source,1,configured
provider_pk_5_10.3389/fpos.2022.1040318,5,10.3389/fpos.2022.1040318,1,research_source,1,configured
provider_pk_5_10.3389/fpos.2022.1067481,5,10.3389/fpos.2022.1067481,1,research_source,1,configured
provider_pk_5_10.3389/fpos.2022.999571,5,10.3389/fpos.2022.999571,1,research_source,1,configured
provider_pk_5_10.3389/fpos.2023.1182415,5,10.3389/fpos.2023.1182415,1,research_source,1,configured
provider_pk_5_10.3390/en16104210,5,10.3390/en16104210,1,research_source,1,configured
provider_pk_5_10.3390/ijerph18020450,5,10.3390/ijerph18020450,1,research_source,1,configured
provider_pk_5_10.3390/ijerph20085604,5,10.3390/ijerph20085604,1,research_source,1,configured
provider_pk_5_10.3390/jmse10111573,5,10.3390/jmse10111573,1,research_source,1,configured
provider_pk_5_10.3390/su12062560,5,10.3390/su12062560,1,research_source,1,configured
provider_pk_5_10.3390/su12114654,5,10.3390/su12114654,1,research_source,1,configured
provider_pk_5_10.3390/su142013028,5,10.3390/su142013028,1,research_source,1,configured
provider_pk_5_10.3390/su15043253,5,10.3390/su15043253,1,research_source,1,configured
provider_pk_5_10.3390/su151310026,5,10.3390/su151310026,1,research_source,1,configured
provider_pk_5_10.3390/su16010429,5,10.3390/su16010429,1,research_source,1,configured
provider_pk_5_10.3390/su16156313,5,10.3390/su16156313,1,research_source,1,configured
provider_pk_5_10.3390/su162411141,5,10.3390/su162411141,1,research_source,1,configured
provider_pk_5_10.3390/w10121758,5,10.3390/w10121758,1,research_source,1,configured
provider_pk_5_10.3390/w11030417,5,10.3390/w11030417,1,research_source,1,configured
provider_pk_5_10.3390/w16131792,5,10.3390/w16131792,1,research_source,1,configured
provider_pk_5_10.3390/w17111703,5,10.3390/w17111703,1,research_source,1,configured
provider_pk_5_10.34659/eis.2022.82.3.465,5,10.34659/eis.2022.82.3.465,1,research_source,1,configured
provider_pk_5_10.36948/ijfmr.2024.v06i04.24591,5,10.36948/ijfmr.2024.v06i04.24591,1,research_source,1,configured
provider_pk_5_10.36948/ijfmr.2024.v06i06.32176,5,10.36948/ijfmr.2024.v06i06.32176,1,research_source,1,configured
provider_pk_5_10.38104/vadyba.2025.1.06,5,10.38104/vadyba.2025.1.06,1,research_source,1,configured
provider_pk_5_10.4000/aam.6438,5,10.4000/aam.6438,1,research_source,1,configured
provider_pk_5_10.4000/ethnoecologie.3484,5,10.4000/ethnoecologie.3484,1,research_source,1,configured
provider_pk_5_10.4000/ethnoecologie.3485,5,10.4000/ethnoecologie.3485,1,research_source,1,configured
provider_pk_5_10.4000/geocarrefour.20092,5,10.4000/geocarrefour.20092,1,research_source,1,configured
provider_pk_5_10.4000/hybrid.3937,5,10.4000/hybrid.3937,1,research_source,1,configured
provider_pk_5_10.4000/vertigo.29593,5,10.4000/vertigo.29593,1,research_source,1,configured
provider_pk_5_10.4000/vertigo.29804,5,10.4000/vertigo.29804,1,research_source,1,configured
provider_pk_5_10.4018/979-8-3693-7893-9.ch005,5,10.4018/979-8-3693-7893-9.ch005,1,research_source,1,configured
provider_pk_5_10.4236/ojms.2018.83019,5,10.4236/ojms.2018.83019,1,research_source,1,configured
provider_pk_5_10.4314/wiojms.si2022.1.2,5,10.4314/wiojms.si2022.1.2,1,research_source,1,configured
provider_pk_5_10.4324/9780429273452-22,5,10.4324/9780429273452-22,1,research_source,1,configured
provider_pk_5_10.4324/9780429273452-37,5,10.4324/9780429273452-37,1,research_source,1,configured
provider_pk_5_10.4324/9780429342233,5,10.4324/9780429342233,1,research_source,1,configured
provider_pk_5_10.4324/9781003058151-15,5,10.4324/9781003058151-15,1,research_source,1,configured
provider_pk_5_10.4324/9781003058151-2,5,10.4324/9781003058151-2,1,research_source,1,configured
provider_pk_5_10.4324/9781003058151-3,5,10.4324/9781003058151-3,1,research_source,1,configured
provider_pk_5_10.4324/9781003205173-7,5,10.4324/9781003205173-7,1,research_source,1,configured
provider_pk_5_10.4324/9781003248231,5,10.4324/9781003248231,1,research_source,1,configured
provider_pk_5_10.4324/9781003280248-2,5,10.4324/9781003280248-2,1,research_source,1,configured
provider_pk_5_10.4324/9781003280248-4,5,10.4324/9781003280248-4,1,research_source,1,configured
provider_pk_5_10.4324/9781003280248-5,5,10.4324/9781003280248-5,1,research_source,1,configured
provider_pk_5_10.4324/9781315111643,5,10.4324/9781315111643,1,research_source,1,configured
provider_pk_5_10.4324/9781315621715-4,5,10.4324/9781315621715-4,1,research_source,1,configured
provider_pk_5_10.4337/9781035320776.00012,5,10.4337/9781035320776.00012,1,research_source,1,configured
provider_pk_5_10.4337/9781839106583.00063,5,10.4337/9781839106583.00063,1,research_source,1,configured
provider_pk_5_10.4337/9781839107696.00030,5,10.4337/9781839107696.00030,1,research_source,1,configured
provider_pk_5_10.46863/ecocene.41,5,10.46863/ecocene.41,1,research_source,1,configured
provider_pk_5_10.47134/rei.v1i1.8,5,10.47134/rei.v1i1.8,1,research_source,1,configured
provider_pk_5_10.5194/egusphere-egu24-4054,5,10.5194/egusphere-egu24-4054,1,research_source,1,configured
provider_pk_5_10.5194/oos2025-1204,5,10.5194/oos2025-1204,1,research_source,1,configured
provider_pk_5_10.5194/oos2025-1237,5,10.5194/oos2025-1237,1,research_source,1,configured
provider_pk_5_10.5194/oos2025-1394,5,10.5194/oos2025-1394,1,research_source,1,configured
provider_pk_5_10.5194/oos2025-16,5,10.5194/oos2025-16,1,research_source,1,configured
provider_pk_5_10.5194/oos2025-319,5,10.5194/oos2025-319,1,research_source,1,configured
provider_pk_5_10.5194/oos2025-348,5,10.5194/oos2025-348,1,research_source,1,configured
provider_pk_5_10.5194/oos2025-362,5,10.5194/oos2025-362,1,research_source,1,configured
provider_pk_5_10.5194/oos2025-590,5,10.5194/oos2025-590,1,research_source,1,configured
provider_pk_5_10.5194/oos2025-687,5,10.5194/oos2025-687,1,research_source,1,configured
provider_pk_5_10.5194/oos2025-934,5,10.5194/oos2025-934,1,research_source,1,configured
provider_pk_5_10.5281/zenodo.8242209,5,10.5281/zenodo.8242209,1,research_source,1,configured
provider_pk_5_10.53955/jhcls.v3i3.159,5,10.53955/jhcls.v3i3.159,1,research_source,1,configured
provider_pk_5_10.53955/jsderi.v2i1.23,5,10.53955/jsderi.v2i1.23,1,research_source,1,configured
provider_pk_5_10.53963/pjmr.2021.006.3,5,10.53963/pjmr.2021.006.3,1,research_source,1,configured
provider_pk_5_10.55981/jtl.2024.5778,5,10.55981/jtl.2024.5778,1,research_source,1,configured
provider_pk_5_10.56028/aemr.14.1.282.2025,5,10.56028/aemr.14.1.282.2025,1,research_source,1,configured
provider_pk_5_10.5604/12307424.1178822,5,10.5604/12307424.1178822,1,research_source,1,configured
provider_pk_5_10.56367/oag-045-11057,5,10.56367/oag-045-11057,1,research_source,1,configured
provider_pk_5_10.56506/hdlz1912,5,10.56506/hdlz1912,1,research_source,1,configured
provider_pk_5_10.56672/drar9770,5,10.56672/drar9770,1,research_source,1,configured
provider_pk_5_10.56687/9781529235319-009,5,10.56687/9781529235319-009,1,research_source,1,configured
provider_pk_5_10.56910/literacy.v4i2.2409,5,10.56910/literacy.v4i2.2409,1,research_source,1,configured
provider_pk_5_10.57235/aurelia.v2i1.286,5,10.57235/aurelia.v2i1.286,1,research_source,1,configured
provider_pk_5_10.5744/jpms.2023.1002,5,10.5744/jpms.2023.1002,1,research_source,1,configured
provider_pk_5_10.5751/es-13959-280226,5,10.5751/es-13959-280226,1,research_source,1,configured
provider_pk_5_10.5751/es-14789-290110,5,10.5751/es-14789-290110,1,research_source,1,configured
provider_pk_5_10.58440/ihr-29-a04,5,10.58440/ihr-29-a04,1,research_source,1,configured
provider_pk_5_10.58800/bujhss.v6i1.164,5,10.58800/bujhss.v6i1.164,1,research_source,1,configured
provider_pk_5_10.58932/mulg0003,5,10.58932/mulg0003,1,research_source,1,configured
provider_pk_5_10.5894/rgci264,5,10.5894/rgci264,1,research_source,1,configured
provider_pk_5_10.59175/pijed.v4i1.366,5,10.59175/pijed.v4i1.366,1,research_source,1,configured
provider_pk_5_10.6007/ijarems/v11-i3/14620,5,10.6007/ijarems/v11-i3/14620,1,research_source,1,configured
provider_pk_5_10.6092/2284-4732/2459,5,10.6092/2284-4732/2459,1,research_source,1,configured
provider_pk_5_10.6092/2531-9906/5420,5,10.6092/2531-9906/5420,1,research_source,1,configured
provider_pk_5_10.61132/manuhara.v3i2.1590,5,10.61132/manuhara.v3i2.1590,1,research_source,1,configured
provider_pk_5_10.61511/jcbau.v2i2.2025.1425,5,10.61511/jcbau.v2i2.2025.1425,1,research_source,1,configured
provider_pk_5_10.62754/joe.v3i8.4925,5,10.62754/joe.v3i8.4925,1,research_source,1,configured
provider_pk_5_10.69517/jars,5,10.69517/jars,1,research_source,1,configured
provider_pk_5_10.70895/jemba.v2i1.18,5,10.70895/jemba.v2i1.18,1,research_source,1,configured
provider_pk_5_10.9734/ajeba/2024/v24i121589,5,10.9734/ajeba/2024/v24i121589,1,research_source,1,configured
provider_pk_5_10.9790/0837-2205014758,5,10.9790/0837-2205014758,1,research_source,1,configured
provider_pk_5_baseline_a_1,5,baseline_a_1,1,research_source,1,configured
provider_pk_5_baseline_a_2,5,baseline_a_2,1,research_source,1,configured
provider_pk_5_baseline_a_3,5,baseline_a_3,1,research_source,1,configured
provider_pk_5_baseline_b_1,5,baseline_b_1,1,research_source,1,configured
provider_pk_5_baseline_b_2,5,baseline_b_2,1,research_source,1,configured
provider_pk_5_baseline_b_3,5,baseline_b_3,1,research_source,1,configured
provider_pk_5_baseline_b_4,5,baseline_b_4,1,research_source,1,configured
provider_pk_5_baseline_c_1,5,baseline_c_1,1,research_source,1,configured
provider_pk_5_baseline_c_2,5,baseline_c_2,1,research_source,1,configured
provider_pk_5_baseline_c_3,5,baseline_c_3,1,research_source,1,configured
provider_pk_5_baseline_c_4,5,baseline_c_4,1,research_source,1,configured
provider_pk_5_baseline_d_1,5,baseline_d_1,1,research_source,1,configured
provider_pk_5_baseline_d_2,5,baseline_d_2,1,research_source,1,configured
provider_pk_5_baseline_d_3,5,baseline_d_3,1,research_source,1,configured
provider_pk_5_baseline_d_4,5,baseline_d_4,1,research_source,1,configured
provider_pk_5_lit_blue_sociology_0007,5,lit_blue_sociology_0007,1,research_source,1,configured
provider_pk_5_lit_blue_sociology_0016,5,lit_blue_sociology_0016,1,research_source,1,configured
provider_pk_5_lit_blue_sociology_0017,5,lit_blue_sociology_0017,1,research_source,1,configured
provider_pk_5_lit_blue_sociology_0022,5,lit_blue_sociology_0022,1,research_source,1,configured
provider_pk_5_lit_blue_sociology_0043,5,lit_blue_sociology_0043,1,research_source,1,configured
provider_pk_5_lit_blue_sociology_0058,5,lit_blue_sociology_0058,1,research_source,1,configured
provider_pk_5_lit_blue_sociology_0070,5,lit_blue_sociology_0070,1,research_source,1,configured
provider_pk_5_lit_blue_sociology_0072,5,lit_blue_sociology_0072,1,research_source,1,configured
provider_pk_5_lit_blue_sociology_0077,5,lit_blue_sociology_0077,1,research_source,1,configured
provider_pk_5_lit_blue_sociology_0078,5,lit_blue_sociology_0078,1,research_source,1,configured
provider_pk_5_lit_blue_sociology_0082,5,lit_blue_sociology_0082,1,research_source,1,configured
provider_pk_5_lit_blue_sociology_0086,5,lit_blue_sociology_0086,1,research_source,1,configured
provider_pk_5_lit_blue_sociology_0090,5,lit_blue_sociology_0090,1,research_source,1,configured
provider_pk_5_lit_blue_sociology_0091,5,lit_blue_sociology_0091,1,research_source,1,configured
provider_pk_5_lit_blue_sociology_0132,5,lit_blue_sociology_0132,1,research_source,1,configured
provider_pk_5_lit_blue_sociology_0135,5,lit_blue_sociology_0135,1,research_source,1,configured
provider_pk_5_lit_blue_sociology_0138,5,lit_blue_sociology_0138,1,research_source,1,configured
provider_pk_5_lit_blue_sociology_0148,5,lit_blue_sociology_0148,1,research_source,1,configured
provider_pk_5_lit_blue_sociology_0152,5,lit_blue_sociology_0152,1,research_source,1,configured
provider_pk_5_lit_blue_sociology_0155,5,lit_blue_sociology_0155,1,research_source,1,configured
provider_pk_5_lit_blue_sociology_0160,5,lit_blue_sociology_0160,1,research_source,1,configured
provider_pk_5_lit_blue_sociology_0163,5,lit_blue_sociology_0163,1,research_source,1,configured
provider_pk_5_lit_labor_justice_0010,5,lit_labor_justice_0010,1,research_source,1,configured
provider_pk_5_lit_labor_justice_0015,5,lit_labor_justice_0015,1,research_source,1,configured
provider_pk_5_lit_labor_justice_0017,5,lit_labor_justice_0017,1,research_source,1,configured
provider_pk_5_lit_labor_justice_0021,5,lit_labor_justice_0021,1,research_source,1,configured
provider_pk_5_lit_labor_justice_0022,5,lit_labor_justice_0022,1,research_source,1,configured
provider_pk_5_lit_labor_justice_0037,5,lit_labor_justice_0037,1,research_source,1,configured
provider_pk_5_lit_labor_justice_0039,5,lit_labor_justice_0039,1,research_source,1,configured
provider_pk_5_lit_labor_justice_0067,5,lit_labor_justice_0067,1,research_source,1,configured
provider_pk_5_lit_labor_justice_0086,5,lit_labor_justice_0086,1,research_source,1,configured
provider_pk_5_lit_labor_justice_0099,5,lit_labor_justice_0099,1,research_source,1,configured
provider_pk_5_lit_labor_justice_0113,5,lit_labor_justice_0113,1,research_source,1,configured
provider_pk_5_lit_labor_justice_0122,5,lit_labor_justice_0122,1,research_source,1,configured
provider_pk_5_lit_labor_justice_0128,5,lit_labor_justice_0128,1,research_source,1,configured
provider_pk_5_lit_labor_justice_0129,5,lit_labor_justice_0129,1,research_source,1,configured
provider_pk_5_lit_labor_justice_0178,5,lit_labor_justice_0178,1,research_source,1,configured
provider_pk_5_lit_research_gaps_0007,5,lit_research_gaps_0007,1,research_source,1,configured
provider_pk_5_lit_research_gaps_0011,5,lit_research_gaps_0011,1,research_source,1,configured
provider_pk_5_lit_research_gaps_0020,5,lit_research_gaps_0020,1,research_source,1,configured
provider_pk_5_lit_research_gaps_0028,5,lit_research_gaps_0028,1,research_source,1,configured
provider_pk_5_lit_research_gaps_0043,5,lit_research_gaps_0043,1,research_source,1,configured
provider_pk_5_lit_research_gaps_0056,5,lit_research_gaps_0056,1,research_source,1,configured
provider_pk_5_lit_research_gaps_0060,5,lit_research_gaps_0060,1,research_source,1,configured
provider_pk_5_lit_research_gaps_0061,5,lit_research_gaps_0061,1,research_source,1,configured
provider_pk_5_lit_research_gaps_0073,5,lit_research_gaps_0073,1,research_source,1,configured
provider_pk_5_lit_research_gaps_0078,5,lit_research_gaps_0078,1,research_source,1,configured
provider_pk_5_lit_research_gaps_0086,5,lit_research_gaps_0086,1,research_source,1,configured
provider_pk_5_lit_research_gaps_0087,5,lit_research_gaps_0087,1,research_source,1,configured
provider_pk_5_lit_research_gaps_0093,5,lit_research_gaps_0093,1,research_source,1,configured
provider_pk_5_lit_research_gaps_0101,5,lit_research_gaps_0101,1,research_source,1,configured
provider_pk_5_lit_research_gaps_0114,5,lit_research_gaps_0114,1,research_source,1,configured
provider_pk_5_lit_research_gaps_0138,5,lit_research_gaps_0138,1,research_source,1,configured
provider_pk_5_lit_research_gaps_0142,5,lit_research_gaps_0142,1,research_source,1,configured
provider_pk_5_lit_research_gaps_0152,5,lit_research_gaps_0152,1,research_source,1,configured
